SampleID,4371463,2250985,179472,174840,177520,3693042,297529,299450,125624,183121,572860,361727,183988,3682570,365385,816299,4451251,232900,193279,302545,804995,264657,276149,898309,4324245,3229180,359872,4142052,4303114,1131894,290241,4478992,960695,831834,73609,509516,572843,3369303,4478840,593422,553080,19611,323135,183572,173863,174749,175298,181008,207994,198184,4484075,1010876,2442706,327327,308631,188315,362955,189677,186319,4039230,Group
sample1,1.78493E-06,2.92128E-05,5.64033E-07,1.45397E-06,1.98922E-06,1.04699E-05,0.000620439,1.99409E-06,1.7138E-06,1.43613E-06,9.07306E-07,0.013494304,1.83479E-06,1.03451E-06,0.003965151,0,0.00011378,1.52952E-06,1.24673E-07,0.006888322,0.005146164,2.3443E-06,0.000198605,1.23306E-06,3.42568E-06,3.26724E-06,0.000171211,7.4164E-07,1.81572E-06,2.23347E-06,1.59237E-06,7.01406E-07,1.82902E-06,0,2.63397E-06,8.39308E-07,3.46522E-07,1.16348E-06,6.27243E-08,0,2.13949E-06,6.70371E-07,0.000339555,1.20343E-06,0.000114862,1.03639E-06,2.19003E-06,2.26489E-06,8.03183E-07,1.36392E-06,3.03731E-05,0.000507588,0.000395411,1.50256E-06,2.94591E-06,1.14618E-06,5.65387E-05,0.000112895,7.66415E-07,2.39099E-06,0
sample2,0.002830616,2.16006E-06,3.02158E-06,1.70956E-06,7.4929E-05,1.70807E-06,0.000301539,0,1.33936E-06,0,2.63951E-06,0.013406533,1.53983E-06,9.09801E-08,2.81095E-06,2.42378E-06,0.000298482,1.30839E-06,8.81809E-07,7.07258E-07,7.61321E-05,6.81684E-08,7.61811E-05,0,2.77679E-06,2.45079E-06,0,2.39766E-06,1.68283E-06,2.31128E-06,4.89775E-07,6.19375E-07,2.20476E-06,6.08613E-08,2.93488E-06,4.01222E-07,0.000372911,9.31985E-07,2.47422E-06,3.48166E-06,7.68581E-05,0.016238384,0.05384567,2.47253E-06,0.001864274,1.28262E-06,0,3.11137E-06,0,2.96384E-07,0,0.001342181,2.06188E-06,1.6289E-06,2.96818E-06,3.52919E-07,9.20701E-07,8.33325E-07,8.26518E-07,1.11794E-06,1
sample3,0,3.53464E-07,0.00010112,7.64118E-05,0.01147302,2.63608E-06,2.65725E-05,9.21236E-07,4.67794E-07,1.46807E-06,0,0.000352848,8.48467E-07,1.48011E-06,0.000879589,1.58743E-06,0.000125599,2.25426E-07,6.97357E-07,1.4419E-06,0.000102977,1.62505E-06,1.79156E-06,1.74121E-06,7.34477E-07,1.28973E-06,0.000126129,0,3.12961E-07,2.02699E-06,0,1.76861E-06,0,1.19421E-06,1.47326E-06,2.23163E-06,1.78795E-06,5.14668E-05,4.95178E-07,1.30866E-06,2.79891E-05,2.69184E-05,0.018561109,1.63899E-06,2.37921E-06,1.72932E-06,0,2.3508E-06,0.0064553,6.60863E-07,6.94256E-07,2.81991E-06,1.54442E-06,2.09548E-06,2.77355E-05,2.05513E-05,2.56698E-05,2.40115E-06,1.59432E-08,7.67394E-07,1
sample4,3.01644E-06,0.000478318,2.57792E-06,0.005431228,3.20665E-06,8.00079E-07,2.14281E-06,3.7215E-06,8.70267E-05,0.000132191,3.7933E-06,0.000783132,4.54608E-05,0.000132445,1.33736E-06,7.5086E-07,0.00730051,9.06821E-07,1.48405E-06,2.59554E-06,0.004648109,2.1344E-06,2.27087E-06,4.4932E-05,1.36878E-06,4.48729E-05,8.8687E-05,1.4849E-06,0.000133285,1.19187E-06,0.00043669,4.47784E-05,1.59403E-06,7.00153E-07,2.64787E-06,2.30923E-05,0.001478373,3.49084E-06,2.23029E-06,1.47353E-06,2.90792E-06,2.2973E-06,0.030110017,1.64053E-06,0.000262688,1.83616E-06,4.53913E-05,5.7342E-07,2.06522E-06,1.83965E-06,2.89359E-06,3.14546E-06,3.17126E-07,1.5337E-06,0.002435471,8.79025E-05,1.25452E-06,2.60973E-07,1.07641E-06,2.97077E-06,1
sample5,1.7559E-06,0.002054302,0.00109282,1.79408E-06,2.53177E-06,0.000530649,1.24515E-06,0.000895604,2.12264E-06,9.30948E-07,1.63244E-07,0.003247677,2.69152E-06,1.56249E-06,0.000497347,1.07679E-05,2.6345E-06,2.47037E-06,0.000532265,3.61339E-06,0.000266108,4.34083E-06,3.17792E-06,1.37374E-06,1.96205E-07,9.02007E-07,1.07038E-06,0.000731561,2.87494E-06,0.000565109,0.001026687,1.38022E-06,0.027793634,3.4113E-05,7.26964E-07,2.54103E-06,0.001193125,2.02573E-06,1.79566E-06,3.95235E-06,2.87162E-07,3.1555E-06,0.023055548,3.73153E-08,0.018847814,0.000166684,0,1.77514E-06,1.17005E-05,1.31885E-06,6.76887E-05,0.000498742,3.6686E-05,1.46521E-06,5.41601E-07,2.70221E-06,1.81792E-06,0.000103062,9.22123E-07,1.83284E-06,0
sample6,2.76045E-06,0.000180973,0.000180415,0.012359365,1.98255E-06,2.37051E-06,2.13151E-06,1.21149E-06,5.87582E-05,1.70051E-06,0,0.004159872,6.87433E-07,6.17573E-05,4.54876E-06,1.64251E-06,0.000120556,3.25427E-06,4.47301E-07,0.005527181,0.003448217,1.51578E-06,2.3764E-06,1.5034E-07,1.45632E-06,1.27079E-06,1.47065E-06,2.26423E-06,3.39307E-06,1.09759E-06,0.000536522,1.8549E-06,1.38734E-06,3.64786E-07,1.392E-06,3.26374E-06,0.000714808,1.25382E-06,5.82443E-07,1.78065E-06,1.59295E-06,1.95625E-06,0.010696953,8.49024E-07,0.012835831,1.85879E-06,1.8114E-06,7.67394E-07,3.96701E-05,2.78889E-06,2.40922E-06,6.14421E-05,1.51873E-06,4.83549E-07,0.004873318,0.000193085,1.70274E-06,1.75922E-06,3.1888E-07,0.000118934,0
sample7,4.13962E-06,0.000800398,0.000240701,1.21012E-06,5.02343E-07,3.35571E-07,8.27194E-05,1.61901E-06,0,9.64508E-07,1.30917E-06,2.13215E-06,0.0001236,2.05119E-06,1.26461E-06,8.09767E-05,1.84032E-06,1.82063E-06,0.001440451,2.03298E-08,0.000518697,1.46425E-06,5.74704E-08,0,2.03915E-06,1.54338E-06,1.8201E-06,0.001280714,2.83062E-06,0.000920868,0.003916896,3.37766E-06,0.096237065,1.4499E-06,2.53311E-07,1.17257E-06,0.000201878,0.000200025,9.5009E-07,1.33597E-06,4.47778E-06,2.71717E-06,0.0107919,2.60789E-06,0.004837117,1.47559E-06,3.23587E-06,2.23378E-06,2.07605E-06,4.28119E-05,1.94651E-06,0.000121583,1.11256E-06,1.14165E-06,0.000878901,2.25997E-06,1.92591E-06,2.81005E-06,8.20338E-07,2.16159E-06,0
sample8,2.33496E-06,7.13231E-05,0.000286935,1.51671E-06,0,0.000475269,2.03062E-06,1.50504E-06,1.72064E-06,2.47819E-06,1.74588E-06,7.40813E-05,3.26459E-06,1.13479E-06,1.64547E-06,0.000262485,1.87936E-06,1.65961E-06,6.53933E-07,1.43903E-06,2.44179E-06,0,1.59195E-06,7.22937E-05,1.15301E-06,1.58793E-06,3.52536E-07,5.83843E-07,1.2461E-06,2.53354E-07,0.00341757,4.66506E-08,1.63461E-06,2.24537E-06,2.28054E-06,0,1.54295E-06,1.68246E-06,1.82367E-06,8.35851E-07,6.30247E-07,1.18358E-06,1.37844E-06,1.33915E-06,2.97405E-06,3.53032E-06,2.11189E-06,1.33317E-06,6.01242E-07,2.58368E-06,1.62112E-06,7.27559E-07,6.06601E-07,2.0392E-07,1.74498E-06,1.83824E-06,9.97686E-07,2.96994E-06,1.40097E-06,4.62872E-07,0
sample9,9.06683E-07,0.000423093,1.13706E-06,0.009830592,1.58183E-06,1.2035E-06,0.014603536,1.07808E-06,7.09275E-05,2.08836E-06,3.20142E-06,0.019657112,7.05224E-05,2.09796E-06,1.55732E-06,1.22619E-06,0.000142881,1.7679E-06,2.39137E-05,8.74202E-07,0.026467535,1.70323E-06,1.15148E-06,0.000141996,5.53643E-07,6.87453E-07,0.000984016,1.58775E-06,1.08743E-06,2.88451E-06,0.000350561,7.94534E-07,4.15048E-07,1.79504E-06,1.79151E-07,2.47274E-06,1.59158E-06,2.53331E-06,0,2.19835E-06,4.30268E-07,1.92574E-06,0.018325054,0,0.021411999,0,1.84593E-06,1.68545E-06,5.32877E-07,1.79949E-06,1.3742E-06,0.00091573,8.23471E-07,1.27888E-06,2.59725E-06,1.378E-07,0,1.8299E-06,1.01053E-06,2.45604E-06,1
sample10,1.7095E-06,0.002828086,0,7.87013E-07,0.00291499,2.54935E-07,0.022425333,2.44692E-06,0,3.06636E-06,2.44081E-06,0.000263738,3.06778E-06,1.92906E-06,1.88043E-06,1.12537E-06,0.000247884,0.003525512,1.79076E-06,2.29325E-06,0.005986415,1.40708E-06,1.3358E-06,1.29634E-06,2.16887E-06,9.23651E-07,0.000130917,7.30886E-05,2.03703E-06,1.30775E-06,0.000583555,1.58673E-06,7.49929E-05,1.03555E-06,2.52816E-06,9.15445E-07,0.001298179,3.11809E-05,0,1.53286E-06,1.34571E-06,8.02556E-07,0.003742386,4.69323E-08,0.00240296,2.01755E-06,0,3.13796E-06,6.23939E-06,1.87118E-06,6.87339E-07,0.000686115,8.07073E-07,2.37745E-05,0.000367258,2.52798E-06,2.26164E-06,1.93753E-06,3.62514E-07,2.10421E-06,0
sample11,1.59191E-06,0.004343498,0.000196929,0.001426941,0,1.49749E-06,2.58841E-06,2.19431E-07,0.00032733,3.93414E-07,1.9905E-06,0.000260416,0.000130528,1.46101E-06,0.000455341,3.50867E-07,0.000326396,2.59844E-07,1.27574E-06,2.64787E-06,0.000196213,2.81808E-06,0.011016838,1.08694E-06,1.53899E-06,0,6.75834E-05,3.33805E-06,2.10667E-07,3.89581E-06,0.00058441,0,1.06407E-06,0,1.17871E-06,0,3.92436E-06,4.03806E-08,1.80397E-06,4.08247E-07,1.11004E-06,2.79405E-06,0.066686116,2.15148E-07,0.004472171,7.65109E-07,0.000260978,0,6.36352E-07,2.21246E-06,1.99124E-06,0.000196683,5.593E-07,0,1.34405E-06,0.000240714,4.512E-07,2.15074E-07,3.04105E-06,1.52616E-06,0
sample12,1.57682E-06,0.00022276,2.68673E-07,1.45313E-06,2.50473E-06,2.27783E-06,1.69479E-07,1.14598E-06,1.22086E-06,2.64265E-06,2.03674E-06,0.024138932,8.40948E-05,5.647E-05,0.000878712,4.48197E-07,2.34942E-06,1.05431E-06,2.20464E-06,2.22762E-06,0.001206721,1.77407E-06,1.38521E-06,1.73306E-06,2.09852E-06,2.32363E-06,1.54442E-06,3.39766E-06,2.8618E-06,1.52106E-06,1.09769E-06,0,1.23742E-06,2.85111E-06,3.00933E-06,1.72483E-06,0.000110823,1.87592E-06,5.05773E-06,2.34772E-06,5.03195E-07,1.85401E-06,0.004988779,1.62879E-06,0.017506513,9.11658E-07,1.30441E-06,1.93635E-06,2.28953E-06,1.82201E-06,1.93982E-06,0.000108839,5.56815E-05,6.23995E-07,3.17913E-06,3.35392E-06,0,2.86299E-05,1.46806E-07,1.28294E-06,1
sample13,1.08264E-06,0.002580564,0.000121037,0.043936968,1.88088E-06,2.22506E-06,1.34951E-06,1.98711E-06,1.7193E-06,2.30386E-06,2.95919E-06,0.015357327,1.6256E-06,2.38912E-06,4.30686E-05,1.23556E-06,4.20307E-05,0.000847034,1.28116E-06,2.6615E-06,0.002056805,4.2421E-06,0.00753813,2.31793E-06,3.36183E-06,9.18906E-07,1.47603E-06,2.68306E-06,0,1.27976E-07,1.00122E-06,1.4424E-06,6.79884E-07,1.53652E-06,1.94707E-06,1.11858E-06,0.00253831,3.63353E-06,1.73877E-05,8.22776E-07,5.30049E-07,3.60782E-06,0.029949165,4.84403E-07,0.02293694,2.85001E-06,1.86724E-06,1.828E-06,0.011504424,2.03974E-06,0.000242739,0.000523732,3.45533E-06,0,0.000122399,2.14739E-06,2.38438E-06,0.000122737,7.20778E-07,1.00203E-06,1
sample14,1.13472E-06,0.000214814,5.97895E-05,1.57997E-06,2.1435E-06,2.07344E-06,1.22202E-06,7.92562E-07,6.85461E-07,1.03856E-06,1.65008E-06,1.60587E-06,3.25895E-06,2.73188E-06,0.000176618,2.2674E-06,1.97116E-05,1.12067E-06,1.60102E-06,6.78899E-07,0.000274,2.16482E-06,1.25579E-06,1.25826E-06,2.53373E-06,1.8619E-07,3.04084E-06,1.85008E-06,2.78032E-07,1.15644E-06,0.001182905,2.26504E-06,2.31468E-06,2.57E-06,2.19451E-06,1.54544E-06,0.001085463,2.14175E-05,1.9972E-07,2.37659E-07,8.04582E-07,5.87923E-05,0.031648745,2.30688E-06,0.003782644,3.77503E-06,2.06734E-05,1.08294E-06,2.72989E-05,2.09086E-06,2.14533E-06,9.94102E-05,1.32584E-06,2.13026E-06,1.00538E-06,2.91594E-05,4.5243E-07,2.13049E-05,2.41365E-06,1.35127E-06,1
sample15,2.7812E-06,0.00017211,4.77341E-07,0.001647609,3.87076E-06,1.31361E-06,5.93846E-05,0,5.92659E-07,1.75763E-06,2.97442E-05,0.023434629,2.09195E-06,1.44521E-06,1.49598E-06,0.000118856,0.000229361,2.54019E-06,7.71157E-05,2.10186E-06,0.007320986,0.000173498,0.038466639,9.0696E-07,1.5528E-06,1.17988E-06,0.000114091,0.000115071,9.33624E-08,0.000908504,0.000680848,1.28532E-06,2.1767E-06,9.29375E-07,2.55333E-06,1.48452E-06,4.23969E-07,2.41793E-06,1.98587E-06,1.57745E-06,0,0.000172587,0.014129587,1.42619E-06,0.026951206,2.44377E-06,3.12115E-07,7.03364E-07,1.98112E-05,8.9595E-07,0.000340133,0.000683186,1.25406E-06,7.34148E-07,0.000626531,0,1.0494E-06,1.23234E-06,5.8318E-05,2.92E-06,0
sample16,0.000118797,0.001126743,0.00015727,0.04465609,1.55351E-05,1.98077E-06,1.91873E-06,0,2.79387E-05,4.47665E-07,2.41862E-06,0.004539078,2.91426E-06,1.50373E-06,2.22837E-06,1.5274E-06,2.80174E-05,7.47009E-07,9.74267E-07,2.28073E-06,1.57407E-06,5.52104E-07,1.2628E-06,2.03451E-06,1.72386E-06,1.37507E-05,1.32728E-06,1.31754E-06,1.61404E-07,1.46753E-06,2.36457E-06,4.86572E-07,1.38779E-06,5.97385E-07,9.8203E-08,2.74664E-05,0.000146063,3.34042E-06,8.16498E-06,7.27988E-07,5.33398E-05,1.50702E-06,0.017681952,1.7767E-06,0.026977108,3.17726E-06,7.69245E-07,1.93981E-06,8.08887E-07,7.30542E-07,1.69579E-06,6.72588E-05,2.18824E-06,1.43407E-05,0.001007655,3.55548E-07,1.48116E-06,1.05172E-06,3.10112E-06,2.08246E-06,1
sample17,1.74886E-06,0.00287146,0,2.28722E-06,1.09316E-06,1.21838E-06,7.76794E-07,5.56961E-08,4.9116E-07,1.39266E-06,2.90928E-06,0.000481886,2.11642E-06,7.44428E-08,2.60853E-05,1.09743E-06,1.03444E-06,0,2.25178E-06,1.1862E-06,5.17328E-05,2.37213E-06,2.37961E-06,8.78176E-07,1.05804E-06,0,1.80838E-06,2.45431E-06,4.02481E-07,2.9127E-06,1.92577E-06,2.54176E-05,3.20579E-06,1.52864E-06,2.03022E-06,3.99119E-07,0.000281486,1.37528E-06,1.79065E-06,2.21367E-06,8.53065E-07,7.90045E-07,0.070920125,0,0.008736482,9.39139E-07,9.46796E-07,1.40357E-06,0.002115431,2.31744E-06,1.68094E-06,0.001652353,1.94667E-06,1.18939E-06,3.88625E-06,2.76969E-06,1.83229E-06,1.92878E-06,2.15214E-06,3.62654E-06,0
sample18,7.79218E-07,0.00614619,0.000347051,0.000284464,7.98302E-07,6.01568E-07,3.84863E-06,2.47796E-06,0.000253967,7.96162E-07,2.55198E-07,0.004476291,6.43168E-05,0,0.002776335,8.46161E-05,3.49716E-05,2.30086E-06,1.72387E-07,1.14622E-06,0.00053773,1.63119E-07,0,8.12615E-07,8.86831E-07,1.80956E-06,2.47707E-06,6.42664E-05,1.56853E-06,4.05649E-07,4.54019E-07,2.14017E-06,6.4574E-05,3.77109E-07,2.53482E-06,3.15257E-06,5.39068E-07,9.56876E-05,9.99215E-07,0,6.42218E-07,0.000126419,0.021906746,0.001340961,0.002932557,3.17741E-06,1.80086E-06,1.8379E-06,3.35826E-07,2.01119E-06,3.45361E-05,0.001579097,6.51049E-05,2.23936E-06,0.001735976,0.000176801,8.97714E-07,2.86051E-07,2.0467E-06,0,1
sample19,0.000879401,6.14748E-05,0.005810913,0.004846971,0.014750439,0.001642354,0.000928606,0.001804023,2.21899E-05,1.68753E-06,1.8139E-06,0.006106788,9.99897E-07,2.91052E-06,0.001497592,0.001603911,0.003054813,9.95376E-07,1.00725E-06,1.10619E-06,0.012801057,2.06557E-05,1.02795E-07,1.05221E-06,1.8226E-06,9.23142E-07,0.000691633,0.002403678,7.93031E-07,0.006894309,5.96138E-05,7.99738E-07,0.03521511,0.000317332,0,2.10143E-06,0.000377181,1.48416E-06,3.43636E-07,1.94441E-06,2.41319E-06,0.002422702,0.000238135,0.005318522,0.000888008,4.50411E-07,1.48187E-06,2.23338E-06,3.474E-07,0,0.00850874,0.000414681,1.35192E-06,1.82936E-06,3.04656E-06,8.13074E-06,8.10822E-07,4.18297E-05,5.10965E-05,1.23581E-06,0
sample20,1.24426E-06,1.55058E-05,0.000163396,6.61479E-05,1.41538E-06,8.7048E-07,2.57525E-06,8.84073E-06,1.0472E-06,0,7.69896E-07,4.86463E-05,0.000148138,3.43799E-05,9.19387E-07,4.36435E-07,2.12131E-06,8.52978E-07,1.15802E-06,0,0.000130935,3.65556E-06,2.44197E-06,1.41415E-06,7.91527E-08,1.88051E-06,1.1041E-06,1.91199E-06,5.55026E-07,6.39092E-07,6.04995E-06,1.61248E-06,0,1.26607E-06,2.57917E-06,5.45891E-07,1.68558E-06,1.5385E-06,1.21727E-06,1.34244E-06,2.86895E-06,2.16438E-06,6.57706E-05,0.004052623,1.70951E-05,1.86741E-06,2.3379E-07,1.00922E-06,0.004426232,0,2.37658E-06,6.61253E-07,2.68464E-06,1.44807E-06,3.38965E-05,1.80458E-06,1.46494E-06,1.35879E-07,4.67726E-07,4.88178E-07,1
sample21,9.32366E-07,2.27462E-06,0.000503764,8.65356E-07,0.000269014,1.88396E-06,2.54022E-06,3.01403E-06,2.23006E-06,3.16358E-07,1.50249E-06,6.56776E-07,3.55985E-05,9.85545E-07,1.22659E-06,3.53487E-05,8.61759E-07,1.15199E-06,8.02363E-07,7.05342E-05,1.75313E-06,2.70571E-06,3.41522E-05,0,2.75867E-06,9.82169E-07,1.65445E-06,1.74345E-06,1.64515E-06,1.11992E-06,0,0,3.68518E-07,4.87589E-07,2.45221E-06,2.44014E-06,2.18094E-06,2.10315E-06,2.19946E-06,2.44858E-06,1.06951E-06,2.18661E-06,3.55911E-05,2.36967E-06,0,1.11807E-06,1.86914E-06,2.17641E-06,0.013752043,1.53197E-06,2.40813E-06,0.000135044,0,1.56905E-06,5.13855E-07,1.1453E-06,2.14976E-07,3.5187E-07,2.34835E-06,1.06846E-06,1
sample22,2.68159E-06,2.18832E-06,1.91277E-06,2.51265E-06,2.25365E-06,0,0.003206746,3.15363E-07,1.58257E-06,1.19323E-06,1.26172E-06,7.44425E-05,2.40151E-06,1.48015E-06,2.10782E-06,2.30344E-06,6.12012E-07,2.32319E-06,0,5.91368E-07,0.001748489,3.65892E-06,2.88303E-07,2.24744E-07,2.44523E-06,1.8846E-06,2.52383E-06,1.5854E-07,2.18491E-06,1.80448E-06,2.55408E-06,2.18932E-06,7.76412E-07,1.72804E-06,1.29707E-06,1.69524E-06,4.18851E-06,1.451E-06,3.03101E-05,2.94951E-06,1.35852E-06,1.40772E-06,0.000437148,1.40355E-06,0.007357793,2.41917E-06,2.23218E-06,9.85608E-07,0,1.92531E-06,2.9721E-06,7.69449E-07,1.11961E-06,1.15563E-06,1.36154E-06,9.69814E-07,7.38827E-07,7.67904E-07,7.2843E-05,2.61944E-06,0
sample23,2.39633E-06,0.001010909,0.000102131,2.53909E-06,2.2155E-06,1.31199E-06,5.58345E-07,0,2.38699E-06,4.32946E-06,1.619E-06,0.000304436,1.28686E-06,4.34546E-07,0,5.35936E-08,8.95053E-07,2.57405E-06,1.7414E-05,1.2548E-06,1.95463E-06,0,1.59863E-06,1.80995E-06,7.70876E-07,0,0.000202356,0,0,4.00505E-07,9.70701E-07,9.04883E-07,2.36556E-06,1.53361E-06,3.6579E-06,2.44044E-06,2.90185E-06,1.39869E-06,1.33398E-07,1.19146E-06,2.9825E-06,2.54898E-06,0.027196682,7.03525E-07,0.008175998,2.52727E-07,1.82022E-06,6.53053E-07,0.003617728,2.20066E-06,6.43394E-07,9.87703E-07,5.3379E-07,4.06919E-07,2.46196E-06,1.64331E-05,4.53743E-06,3.7736E-07,4.35678E-06,4.31698E-07,1
sample24,1.97321E-06,6.65715E-07,1.1765E-06,2.0174E-06,1.76453E-06,0,8.13601E-07,2.38437E-06,1.14281E-06,1.26581E-06,2.74783E-06,0.001623404,1.60785E-06,3.35411E-06,4.10885E-07,1.09081E-05,1.07294E-06,0,8.72599E-07,1.9961E-06,2.0379E-06,1.1004E-06,0,3.43568E-06,9.08194E-07,0,1.53179E-06,2.48059E-06,1.77484E-06,7.62223E-07,2.10302E-06,6.76528E-05,1.59701E-06,2.26772E-06,5.976E-07,2.00185E-06,0.002388006,2.22136E-06,2.53546E-06,2.54805E-06,2.71697E-06,1.28069E-06,0.032829004,2.57535E-06,0.001095855,1.10014E-06,0.000172525,2.53769E-06,0.000329893,1.92089E-06,1.8524E-06,2.28948E-06,7.66433E-07,1.26024E-06,1.8436E-06,1.80372E-07,5.31874E-07,5.8165E-07,6.78773E-07,1.27691E-06,1
sample25,1.52458E-06,0.000408418,2.50783E-06,1.0091E-06,1.78161E-06,1.23355E-06,1.47597E-06,0.000136592,1.95403E-06,6.26319E-07,0,0.011059844,6.7808E-05,1.08177E-06,0.001122422,2.21877E-06,0.000172371,0,1.80385E-06,1.89135E-06,0.009595892,2.64842E-06,7.69193E-07,3.7734E-08,3.61378E-06,3.37595E-06,0,2.31317E-06,1.43862E-06,1.7804E-06,0.000172688,1.35973E-06,3.67802E-06,9.16118E-07,3.34788E-06,3.29347E-06,0.000170656,2.79798E-06,1.86479E-06,2.42216E-06,2.30005E-06,4.11785E-07,0.013610388,6.13168E-07,0.00700961,2.52538E-06,9.16123E-07,1.14843E-06,2.58015E-06,3.69582E-05,0.000138091,0.000204646,1.02543E-06,1.0789E-06,0.000614535,2.33005E-06,1.45646E-06,3.445E-06,2.11702E-06,1.14813E-06,1
sample26,1.94524E-07,2.36974E-06,0.000113069,0,3.061E-06,2.7287E-07,2.19343E-06,3.4532E-06,2.51087E-06,0,1.19003E-05,0.000113493,2.61493E-06,3.77963E-06,2.1817E-06,1.85378E-06,2.48275E-06,1.09996E-06,1.67E-06,3.18009E-06,1.78999E-06,2.07073E-06,2.47932E-06,2.23544E-06,2.98073E-06,2.48099E-05,2.43124E-05,1.71518E-06,1.12487E-06,1.79987E-06,1.49751E-06,1.1068E-06,1.77094E-06,2.00681E-06,6.09351E-07,1.2408E-05,2.41222E-06,2.50232E-06,1.14787E-06,1.78668E-06,1.87303E-06,1.55815E-06,0.018687436,3.08945E-06,0.028312501,1.53156E-06,8.50429E-07,6.25142E-07,1.40122E-06,8.49793E-07,4.0965E-07,3.034E-07,2.39574E-07,4.29989E-07,2.84586E-07,2.03577E-06,1.8845E-06,0.001076943,2.889E-06,1.93611E-06,0
sample27,0.000102008,0.001012811,1.90236E-06,0.043423032,3.27524E-07,2.04048E-06,2.35014E-06,1.49816E-06,0.000103289,3.08196E-07,8.35724E-07,0.008097624,0.00040821,5.70758E-07,1.60832E-06,1.78272E-06,1.17651E-06,2.24021E-06,2.42195E-06,2.33705E-06,1.51924E-06,8.81559E-07,1.47057E-06,1.74699E-06,3.14467E-06,6.22101E-09,9.25046E-07,2.96491E-06,0.000202326,1.03295E-06,2.29405E-06,0,8.18765E-07,1.10641E-06,7.83257E-07,0.000103291,0.000307116,2.09591E-06,2.03805E-06,1.77427E-06,2.02809E-06,2.85064E-06,0.02581282,1.2789E-06,0.025305976,2.23176E-06,1.16949E-06,3.23692E-06,1.75228E-06,0.000204174,7.35206E-07,2.31879E-06,4.81546E-08,1.42214E-06,0.000811231,8.1376E-07,2.30125E-06,0,1.40833E-06,1.78888E-06,1
sample28,1.41224E-06,0.000648959,8.56549E-07,0.033546876,5.45456E-07,1.87673E-06,0.042626387,1.26408E-06,1.9667E-06,4.48913E-06,7.88585E-07,0.001483436,1.71397E-06,2.35068E-07,0.000278411,1.18363E-06,9.50583E-05,1.2959E-06,3.71852E-07,5.00957E-08,0.014085733,0,4.83096E-06,1.42246E-06,1.08666E-06,2.44173E-06,2.5589E-06,5.51783E-07,2.70445E-06,1.44901E-06,1.69321E-06,2.19776E-06,2.45323E-06,4.36373E-07,0,7.58778E-07,3.9959E-07,7.7193E-07,3.96023E-07,0,1.06487E-06,8.42419E-07,0.011212041,2.32006E-06,0.002039714,2.2296E-06,3.63206E-06,0,0.00426272,2.2428E-06,1.54868E-06,0.000557138,1.71965E-06,1.08607E-06,0.000835327,6.62122E-07,1.30933E-06,3.56977E-06,1.39607E-06,2.35023E-06,0
sample29,0,0.000612696,3.80985E-07,0.005722297,7.72038E-05,6.78226E-07,2.66462E-06,0.000842207,0.0007657,1.231E-06,3.67423E-07,0.001984423,4.30557E-07,0.000154253,9.60531E-07,1.41022E-06,0.000154896,1.73302E-06,7.74361E-07,3.39735E-06,0.020670588,0,0.006331767,1.2132E-06,0,7.71394E-05,2.18688E-06,1.52859E-06,2.12254E-06,1.71147E-06,0.000610837,2.2949E-06,1.75786E-06,1.15759E-06,3.52027E-06,7.80144E-07,0.001372784,1.14933E-06,1.61317E-06,1.72735E-06,1.93102E-06,1.79702E-06,0.033411569,0,0.06682051,1.26147E-07,1.85666E-06,3.4948E-07,7.68751E-05,6.26526E-07,1.82885E-07,0.0003055,1.75851E-06,0,0.000686105,3.00336E-06,1.48776E-06,1.08078E-06,1.83326E-06,1.99884E-06,1
sample30,2.13232E-06,1.1825E-06,0.000398894,9.80369E-07,2.30805E-06,1.37852E-06,1.31197E-06,1.36479E-06,1.51289E-06,2.11114E-06,0,2.74178E-05,8.76013E-07,0,1.53967E-06,1.10779E-06,1.48618E-06,1.4158E-06,1.45328E-07,3.2782E-06,2.70254E-05,9.55895E-07,5.44382E-05,1.7733E-06,2.7763E-07,4.13378E-07,8.88558E-07,1.87152E-06,1.1632E-06,2.31393E-06,2.49416E-07,2.53371E-06,5.37741E-05,3.16786E-06,7.76088E-07,9.75312E-07,2.02525E-06,1.41921E-06,4.13733E-07,1.26308E-06,1.07118E-06,1.93232E-06,0.029462117,3.45153E-06,2.61411E-05,1.39273E-06,1.30578E-06,1.79176E-06,2.26774E-06,1.90177E-06,1.07886E-06,9.98258E-07,5.92816E-08,0,2.78358E-05,0,1.9339E-06,2.01773E-06,2.07503E-06,1.34844E-06,0
sample31,1.21059E-05,0.003008029,2.34201E-05,0.003657578,6.31672E-05,2.02785E-06,6.1893E-05,1.13775E-05,8.35075E-05,4.32285E-06,1.45288E-06,0.000773471,4.26081E-05,3.38048E-06,1.51018E-06,2.57916E-06,0.000205597,7.02451E-07,0,9.78221E-07,0.000733239,7.66895E-07,3.15948E-06,1.79717E-06,1.74585E-06,4.12721E-06,3.10489E-06,1.67076E-06,2.26793E-06,1.38224E-06,1.56326E-06,2.57622E-06,1.88245E-06,1.2281E-06,0.004612845,1.11442E-06,0.002480443,3.38057E-06,3.26022E-06,1.16394E-06,0.000101475,2.29561E-06,0.000244815,1.0514E-06,0.015399983,7.95394E-07,2.45891E-07,1.67955E-06,2.28186E-06,6.7018E-07,4.68611E-07,8.30856E-05,7.26244E-07,9.6833E-07,4.13927E-05,0,6.92351E-07,3.45789E-06,4.63807E-07,1.14562E-07,1
sample32,2.34305E-06,1.15086E-06,2.89993E-06,0.002709899,0.009900361,2.92966E-06,0,1.15E-06,1.9721E-06,2.33333E-06,0,0.00295065,1.77448E-06,1.13411E-06,5.06528E-05,2.71409E-06,5.05131E-05,0.008609196,2.14139E-06,3.2523E-06,7.43668E-05,0,9.74999E-05,1.53063E-06,1.36444E-06,1.07817E-06,5.59423E-07,1.90241E-06,3.15008E-07,9.24643E-07,1.51845E-07,2.55753E-06,0.000246284,3.81311E-06,0.000636405,1.83063E-06,0.000121856,3.55652E-07,1.8969E-06,1.87762E-06,7.97084E-07,1.71704E-06,0.012924508,4.5213E-06,0.003683264,1.1125E-06,1.52933E-06,9.7045E-07,3.32309E-05,9.89651E-07,8.61206E-08,0.000441437,3.20236E-06,1.40341E-05,0.000243914,8.33856E-06,3.13273E-06,7.7512E-05,2.89249E-06,7.67419E-07,0
sample33,8.18392E-07,3.07372E-05,1.10073E-06,3.0736E-06,3.4978E-06,1.10319E-05,0.000619608,2.08158E-06,9.51317E-07,5.50834E-07,1.70551E-06,0.013492764,8.29899E-07,2.50414E-06,0.003966008,0,0.000113135,1.12954E-06,2.17393E-06,0.006888762,0.005144761,0,0.000198979,2.02819E-06,2.71157E-06,1.33832E-06,0.000170436,1.54317E-06,2.38251E-06,0,3.47275E-06,1.4437E-06,1.33031E-06,1.64639E-06,9.21722E-07,1.09354E-06,7.49481E-07,1.99148E-07,2.4153E-06,1.22652E-06,3.40882E-07,7.4916E-07,0.000338745,1.10512E-06,0.00011348,3.10351E-06,1.31237E-06,6.2758E-07,1.84504E-06,1.74407E-06,2.92592E-05,0.000508134,0.000393131,0,2.48411E-06,2.19196E-06,5.89014E-05,0.00011393,3.92582E-06,2.50599E-06,0
sample34,4.28725E-06,0.000330834,1.57162E-06,5.03216E-07,0.001185343,0.001721377,3.42632E-06,1.78434E-06,1.98882E-06,1.97732E-06,1.98537E-06,0.000333615,1.92193E-06,8.13034E-07,0.000758797,4.94975E-05,0,1.2078E-06,3.15695E-05,1.72585E-06,0.013772112,0.000144319,2.0288E-06,1.81473E-06,8.32346E-07,1.3972E-06,0.005774724,0.000805993,2.11188E-06,5.60933E-07,4.85197E-05,1.67626E-06,1.28128E-06,4.88308E-05,2.07813E-06,2.0947E-06,1.98156E-06,5.42126E-07,1.12724E-06,1.99334E-06,2.44927E-06,1.79011E-06,0.005633843,2.07612E-06,0.000806051,2.46842E-06,1.99597E-06,1.00121E-06,0.000696706,1.63319E-06,0.007905172,0.000429054,4.70162E-05,1.46022E-06,0.000523573,4.58956E-07,3.75315E-05,0,4.94531E-05,1.07959E-06,0
sample35,1.46838E-06,6.66418E-05,2.08101E-06,2.0722E-05,6.76305E-05,0,0.000405963,5.50667E-07,2.98297E-06,3.85622E-08,3.54268E-06,0.00010455,2.07773E-06,1.87653E-06,0,0.000561156,7.24905E-06,0.000158168,1.18269E-06,2.44902E-06,0.02412181,5.01316E-05,7.81834E-07,2.16669E-06,0,5.41788E-07,0.002586425,0.004669802,1.60202E-06,0,2.54074E-06,1.45355E-06,0.006615047,2.45758E-06,1.59725E-06,1.35068E-06,2.06347E-06,0.001190026,2.14019E-06,2.69844E-06,2.40495E-06,1.26794E-05,7.93819E-07,2.3821E-06,0.006909218,1.09081E-06,1.75995E-06,2.21667E-06,0.000864513,2.69671E-06,0,1.40416E-06,2.39556E-06,9.70567E-07,0,0,1.37477E-06,1.26394E-06,1.73422E-06,2.44067E-06,0
sample36,1.55038E-06,0.007517,2.07531E-05,7.72985E-07,0,1.97946E-06,1.03626E-06,9.36197E-07,2.26595E-05,1.09822E-06,1.18881E-05,0.001435814,5.80008E-05,0,2.25873E-06,0,0.00059451,2.33868E-06,2.52482E-06,2.12632E-06,0.02147555,3.69144E-06,2.57875E-06,1.69869E-06,1.52432E-06,7.9272E-07,3.82401E-05,2.49731E-06,9.27758E-07,2.40975E-06,0,1.33723E-06,2.19946E-06,6.25699E-07,1.36992E-06,2.77375E-06,0.00382653,1.10513E-06,5.28384E-06,2.57892E-06,1.60679E-06,1.93105E-06,0.000327201,2.04891E-06,0.020097728,2.57974E-06,2.70757E-06,0,7.30205E-06,0,0,0.000668721,2.02463E-06,3.22428E-06,0,2.56987E-07,1.41549E-06,1.43694E-06,7.79564E-07,1.85669E-06,1
sample37,3.08111E-07,0.000159376,1.46284E-06,0.020123996,2.06098E-06,2.1576E-06,2.91338E-06,0,2.94666E-06,2.14518E-06,1.27751E-06,0.000318375,9.03271E-07,1.44405E-06,2.04904E-06,4.15008E-07,5.30645E-05,2.89619E-06,1.86565E-06,3.15867E-06,0.021236685,1.51177E-06,3.16366E-06,2.97275E-06,0,0,4.05273E-06,2.12852E-06,1.60966E-06,8.22414E-07,0.00243122,1.95477E-06,2.21261E-06,5.8875E-07,0.000318302,6.33897E-07,0.004068413,1.7861E-06,1.61433E-06,1.56265E-06,1.94695E-06,9.86706E-09,0.010143607,2.21714E-06,0.009772843,9.63498E-07,1.53835E-06,3.66589E-06,1.91305E-05,1.2544E-06,1.2042E-06,0.000371353,1.88712E-06,1.27177E-06,2.34841E-06,7.26021E-07,2.87834E-05,2.90513E-06,9.36255E-07,2.31517E-06,0
sample38,3.91217E-07,0.001766937,8.21344E-08,0.002225603,1.7079E-06,1.99974E-06,1.04107E-06,1.89803E-06,7.70961E-07,4.69076E-07,2.70771E-06,0.000230941,1.79931E-06,1.55792E-06,1.21948E-06,2.95203E-06,3.10117E-06,1.17023E-06,2.50026E-06,2.05282E-06,0.00138181,3.13024E-07,1.00369E-06,1.55556E-06,2.05229E-06,1.82534E-06,4.13287E-06,3.18037E-06,2.43373E-06,1.84039E-06,0.000845197,0,0.000232184,1.80287E-06,2.25373E-06,1.67223E-06,0.000306817,0,5.07347E-07,1.91473E-06,2.66854E-06,1.12634E-06,0.034387401,7.70923E-05,0.019958787,1.9333E-06,0.000155678,1.44805E-06,1.83322E-06,1.72849E-06,1.54878E-06,0.000305734,4.40548E-07,1.95236E-06,1.642E-06,1.93918E-06,3.58177E-06,0,1.53214E-06,9.96126E-07,1
sample39,8.45677E-07,5.86999E-05,6.08306E-07,2.05538E-06,1.50292E-06,1.35949E-06,2.1964E-06,2.95619E-05,5.9277E-06,1.29609E-07,1.62631E-06,0.001336183,2.70314E-05,6.92282E-06,8.52898E-05,3.39755E-05,0.001080958,1.0291E-06,2.22057E-06,1.25265E-06,0.005034571,2.45374E-06,7.77565E-06,1.95338E-06,7.99645E-07,0,0.003237156,2.76788E-06,1.34665E-06,7.12449E-06,7.15229E-07,1.51718E-06,0.000104683,3.42769E-06,3.39088E-06,2.83234E-06,0.000504146,8.30779E-05,3.73394E-06,1.06086E-05,1.83926E-06,1.71731E-06,0.032964583,0.004772059,0.007074763,1.23814E-06,7.03184E-06,1.63575E-06,0.005915522,0,3.16253E-06,0.000260357,3.43403E-06,1.09455E-06,8.02183E-05,3.3123E-06,1.94585E-06,9.69864E-06,3.72703E-07,2.33867E-05,0
sample40,1.62374E-06,0.002042287,0.00013915,9.32926E-05,2.14011E-06,0,2.18487E-06,2.56828E-06,4.05425E-06,0,5.25649E-07,0.000198246,2.77897E-07,2.00689E-06,0.000379124,3.21497E-05,0.00169456,1.81269E-06,1.16968E-06,2.65393E-06,2.78936E-06,0,2.95737E-06,1.41682E-06,1.04556E-06,1.13934E-06,0.000350632,1.98267E-06,7.31024E-07,4.68877E-05,8.62718E-07,1.31223E-06,2.22998E-06,3.7806E-06,2.89288E-06,8.50259E-07,0.003829725,1.10318E-06,2.63496E-06,2.40769E-08,1.62137E-06,3.21476E-07,0.099906042,3.2279E-07,2.01196E-06,1.35832E-06,5.60818E-07,4.86094E-08,1.22647E-07,2.05629E-06,1.35862E-06,2.69941E-06,1.27652E-06,1.97562E-06,3.64211E-07,1.62743E-06,6.1569E-07,7.61248E-08,0,1.9704E-06,1
sample41,2.539E-06,0.00210608,7.84798E-05,0.000157647,0.041785847,2.0255E-06,2.96769E-06,7.18076E-07,2.79181E-06,2.95743E-06,1.0947E-06,6.98887E-07,0.000234954,0,7.88875E-05,1.62206E-06,8.88784E-07,3.48148E-06,2.34859E-06,9.31097E-07,1.16979E-06,2.26203E-06,0.000235171,2.32899E-06,2.96634E-06,1.74401E-07,1.74452E-06,1.93454E-06,7.86578E-05,1.63004E-06,0.008185683,0.000235666,8.95686E-07,1.96594E-06,1.05758E-06,4.26429E-05,7.93149E-05,2.88325E-06,2.51042E-06,0,3.53628E-06,2.19196E-06,0.041632098,3.02469E-06,0.01910095,1.13388E-06,3.05079E-06,3.77573E-06,0.035576032,8.03631E-05,1.20893E-06,2.3274E-06,3.51426E-06,2.89684E-06,0.005458362,1.84371E-06,1.54201E-06,2.56991E-06,9.73651E-07,4.5335E-07,1
sample42,2.0837E-06,6.96053E-05,1.69541E-06,0.031666572,2.16152E-06,1.10426E-06,1.04177E-06,1.40671E-06,8.61279E-07,5.23688E-07,1.10878E-06,0.00335211,4.63808E-05,2.05954E-06,2.52307E-06,1.03934E-06,8.51376E-07,2.44125E-05,1.24801E-06,0,0.012880319,1.23626E-06,2.97876E-06,7.64159E-07,2.24179E-06,1.36386E-06,1.46512E-06,3.72899E-06,8.65547E-07,1.21173E-06,2.10636E-06,8.49801E-07,2.18233E-06,1.70817E-06,0.000508568,1.7182E-06,0.000262908,1.09822E-06,1.10881E-06,2.90702E-06,0,1.84622E-06,0.000816804,6.68799E-07,0.01978207,1.5463E-06,0.000376697,1.19531E-06,2.43217E-06,0,1.50078E-06,4.54958E-05,4.66131E-05,2.98171E-06,0.004192029,3.3441E-06,2.80507E-06,1.84233E-06,0,2.36922E-06,1
sample43,2.27939E-06,2.14763E-06,2.72683E-06,1.11381E-06,0.000256278,2.25924E-06,2.33473E-06,1.82988E-06,9.01647E-07,6.63515E-07,1.26052E-06,0.001530067,3.77365E-07,8.36846E-07,2.2476E-06,1.41578E-06,1.87075E-08,0.000129818,2.61509E-07,0.006110255,0.002675776,0,0.005473851,2.17462E-06,1.63891E-06,4.43018E-07,1.97178E-06,1.77181E-06,2.70223E-06,2.16159E-06,5.52767E-07,5.65263E-07,3.60092E-06,2.99345E-06,1.09166E-07,1.2033E-06,1.16334E-06,2.08073E-07,1.9145E-06,2.22959E-06,2.45829E-06,0.00025533,0.003565406,1.05157E-06,0.003822762,3.65698E-07,2.20737E-06,2.02407E-06,0.000936197,2.29329E-06,1.748E-07,0.00178234,0,4.52414E-09,1.99762E-06,1.44142E-06,1.66066E-06,2.96156E-06,2.05013E-06,8.86344E-07,0
sample44,2.84154E-06,0.001776107,8.62435E-07,1.00854E-06,4.99799E-07,1.64841E-06,3.35802E-07,1.523E-06,0.000189134,1.33033E-06,7.74947E-07,0.004634967,0.000218963,2.68487E-06,1.23002E-06,3.78313E-05,1.04878E-06,2.07447E-06,1.84705E-06,1.09152E-06,0.019246715,1.89286E-06,1.89156E-06,3.23014E-06,1.39998E-06,1.66305E-05,1.01319E-06,1.00078E-06,6.8686E-07,3.03191E-06,2.34774E-06,0,1.54745E-06,1.84173E-06,1.6285E-06,7.75977E-06,0.000701116,1.59592E-06,1.87425E-06,3.23142E-05,2.62854E-06,1.88525E-06,0.019854583,1.0373E-06,0.002753917,2.08251E-06,7.96594E-05,0,0,0,9.64964E-07,0.000406076,4.92775E-05,1.50651E-06,0.003795678,1.51749E-06,2.12553E-06,3.07784E-06,9.3948E-07,1.85739E-06,1
sample45,2.34375E-06,0.000733673,7.16526E-05,2.5328E-05,2.416E-05,1.49949E-06,0,1.36157E-06,8.33912E-07,4.11082E-06,2.33256E-07,0.001422161,1.70503E-06,8.88131E-07,1.09367E-06,1.39829E-07,2.59876E-06,3.33005E-06,9.15174E-07,9.55073E-07,8.21197E-08,1.42894E-06,7.36E-05,3.82799E-06,5.36127E-07,2.0873E-06,0,2.22836E-06,2.33501E-06,1.85106E-06,2.34578E-05,3.03688E-06,1.90963E-06,1.2787E-06,1.59358E-06,1.28191E-06,0.000664977,2.09885E-06,0,1.59719E-06,1.09752E-07,9.51984E-05,0.066547516,1.59348E-06,0.013751845,0,2.10354E-06,2.1508E-06,1.39287E-06,3.75527E-06,6.88593E-07,0.000120168,2.27481E-06,1.03526E-06,3.85997E-06,1.9863E-06,1.64309E-06,4.26386E-06,1.03163E-06,2.32594E-06,1
sample46,1.83588E-06,0.002054931,0.001095432,0,2.12045E-06,0.000531568,2.38903E-06,0.000894634,1.3089E-06,2.80067E-06,1.94135E-07,0.003247869,4.21084E-07,1.2521E-06,0.000498947,1.16061E-05,2.77362E-06,0,0.00052966,2.73576E-06,0.000268117,4.58465E-07,2.44474E-06,1.24262E-06,1.88027E-06,1.28375E-06,2.20767E-06,0.00072936,4.84334E-06,0.000563234,0.001028442,1.81775E-06,0.027791518,3.36659E-05,1.74621E-06,2.53723E-07,0.00119436,2.59741E-06,1.81901E-06,2.54838E-06,8.11959E-08,1.25604E-06,0.02305657,7.56037E-07,0.018848046,0.000167976,1.98903E-06,1.24787E-06,1.099E-05,1.28712E-06,6.83334E-05,0.000499395,3.62921E-05,2.80829E-06,1.23904E-06,8.79937E-07,2.11988E-06,9.75022E-05,1.92734E-06,2.69731E-06,0
sample47,2.77702E-06,1.73964E-05,0.000149406,0,0,9.49044E-08,7.89766E-07,1.41361E-06,2.59928E-06,2.64435E-06,3.77603E-07,0.033063093,0.000284957,1.33273E-06,1.76271E-07,1.27769E-06,0.000777775,1.01466E-07,7.78897E-07,1.31726E-06,0.000196871,1.66119E-06,1.74775E-06,1.92716E-06,2.84593E-06,2.78884E-07,0.000165585,3.48862E-06,9.90185E-07,7.60115E-07,1.28107E-06,6.93523E-07,0,1.69881E-06,0,8.52364E-07,0.000166538,1.224E-06,9.49137E-07,1.16656E-06,1.53933E-05,1.53635E-06,0.006138138,7.03798E-07,9.04187E-05,1.12875E-06,1.06705E-06,1.12956E-06,3.5596E-06,1.50008E-06,2.20381E-06,0,7.09744E-08,2.57363E-06,1.23432E-06,1.19391E-06,1.21505E-06,2.75403E-06,1.65205E-06,3.57623E-06,0
sample48,2.03624E-06,7.37712E-05,0.000287556,1.18731E-06,2.17966E-06,0.000474796,5.06025E-07,2.48998E-06,1.58944E-06,0,1.58989E-07,7.31222E-05,1.66019E-06,1.75142E-06,2.34731E-06,0.000263042,2.93254E-06,2.94078E-07,5.41936E-07,7.59146E-07,2.59802E-06,1.18817E-06,2.82866E-06,7.31957E-05,6.8955E-07,7.82645E-07,6.88637E-07,5.18605E-07,2.02938E-06,2.47309E-06,0.003416574,2.51762E-06,2.8558E-06,1.2114E-06,1.15789E-06,2.06149E-06,2.99821E-06,1.87899E-06,0,2.84014E-06,1.8034E-06,2.81986E-06,1.61324E-06,2.69337E-06,2.1289E-06,1.61121E-06,1.40829E-06,1.72166E-06,2.63057E-06,3.03094E-06,1.87563E-06,1.62144E-06,1.50753E-06,0,1.4484E-06,1.52663E-06,2.89468E-06,2.36972E-06,1.14019E-06,1.00678E-06,0
sample49,5.75388E-07,0.000127904,6.62257E-05,0.016359177,2.30556E-06,4.28837E-07,3.37195E-05,1.13152E-06,1.18608E-06,2.56648E-06,1.10423E-06,0.005229772,2.17418E-07,1.79813E-06,0.003892929,8.06264E-07,3.27927E-05,0.001116312,1.89404E-07,3.03391E-06,0.002072528,5.97141E-07,0.036194384,1.85E-06,2.74576E-06,1.77649E-06,0.000225298,0.000671657,1.9048E-06,2.99031E-06,2.17701E-06,1.00063E-06,1.0968E-06,9.21799E-07,2.83426E-06,4.33619E-07,9.81397E-05,0.000160519,7.80537E-07,1.68368E-06,5.23828E-07,1.08608E-06,0.008707498,6.62545E-07,0.009503317,1.80248E-06,2.80175E-06,2.9264E-06,1.48799E-06,1.66363E-06,0.000417107,0.000765943,3.98631E-06,1.93048E-06,0.000384143,2.2073E-06,2.63041E-06,0,6.51776E-05,1.54136E-06,0
sample50,2.58045E-06,1.99876E-06,0,1.92325E-07,0.001393115,9.74884E-07,2.70406E-06,1.38218E-06,0,1.18933E-06,6.1499E-07,0.015080577,2.02579E-06,1.41517E-06,0.000175378,2.04513E-05,0,0.00121779,2.47176E-06,0.001364808,0.000900038,8.42377E-07,3.25562E-06,1.95711E-06,8.22545E-07,2.18413E-06,0.000119096,1.91201E-06,0,9.17668E-07,9.01872E-05,1.52005E-06,8.13907E-07,1.96354E-06,1.78511E-06,1.44149E-05,1.82579E-06,3.32401E-07,2.18886E-06,2.92203E-06,1.82866E-06,0.008875165,0.002351264,1.71407E-06,0.021665343,1.42551E-06,4.16313E-07,1.64571E-06,9.42084E-07,4.39723E-06,0.000436687,0.000465674,0,1.3854E-06,5.6334E-07,1.22033E-06,2.79376E-06,6.04182E-07,2.74887E-06,4.79295E-07,1
sample51,9.1631E-07,7.89628E-07,1.066E-06,1.92459E-06,1.95638E-06,3.16447E-07,0.003204712,6.41878E-07,3.01222E-06,3.88856E-07,4.51438E-06,7.33923E-05,7.9298E-07,9.1232E-07,3.05585E-06,2.67035E-06,2.17589E-07,1.2543E-06,1.56028E-06,2.85867E-06,0.001752317,2.06794E-06,1.11777E-06,1.55628E-06,3.92857E-06,2.20888E-06,1.32388E-06,1.72793E-06,1.78776E-06,3.35581E-06,8.75136E-07,2.56539E-06,1.22893E-07,1.47847E-06,2.87395E-06,2.48708E-06,0,1.65906E-06,3.18471E-05,0,2.92748E-06,1.6124E-06,0.000438744,2.37372E-06,0.00735916,1.80949E-06,1.79463E-06,1.08842E-06,2.08475E-07,1.83056E-08,2.16282E-06,2.25038E-06,1.51236E-06,1.54671E-07,1.70471E-06,4.48114E-07,1.07605E-06,9.77515E-07,7.50332E-05,1.88929E-06,0
sample52,1.9451E-06,0.000800253,1.1024E-07,0.007382551,1.49854E-06,8.15218E-07,1.95892E-06,1.69231E-06,1.6444E-06,1.59309E-06,3.23656E-06,0.011460079,5.05653E-07,3.66867E-06,0.000413323,0.000148627,2.89707E-05,1.78636E-06,3.12574E-07,6.61829E-07,0.000443258,8.23361E-07,1.36039E-08,2.28172E-06,2.54985E-06,1.96019E-06,4.26254E-06,9.30081E-07,1.26776E-07,1.8486E-06,5.43519E-07,8.55739E-05,2.17857E-06,3.47548E-06,1.40176E-06,4.1984E-05,1.05535E-06,1.52142E-07,2.15011E-06,2.46647E-06,8.6008E-05,0.001600025,0.035476775,3.79254E-08,0.00250679,1.11244E-06,8.04225E-07,1.18072E-06,1.82997E-05,1.52758E-06,6.66974E-07,0.00013757,7.50123E-08,1.35992E-06,1.21755E-06,1.94028E-06,1.435E-06,2.86602E-06,1.28368E-06,1.6907E-06,1
sample53,1.6415E-06,0.002870082,0,2.84522E-06,1.44145E-06,1.6425E-06,6.25127E-07,4.36592E-07,1.81771E-06,1.98481E-06,4.96817E-07,0.000484735,2.02439E-06,1.20641E-06,2.44963E-05,2.9336E-06,2.7814E-06,1.86565E-06,7.63061E-07,1.06039E-06,5.30537E-05,7.53988E-07,1.4383E-06,8.64877E-07,0,1.55786E-06,2.4458E-06,2.47163E-06,5.34143E-07,1.60823E-06,2.83742E-06,2.90391E-05,2.543E-06,1.46067E-06,1.10624E-06,2.9354E-06,0.000282002,7.20244E-07,4.76199E-07,0,3.54722E-06,2.11564E-07,0.070919084,2.25721E-06,0.008737926,1.157E-06,0,2.91783E-06,0.00211519,2.69647E-06,8.19677E-07,0.001651725,6.55377E-07,2.61053E-06,1.2611E-06,2.16201E-06,1.10882E-07,1.90466E-07,9.87527E-07,1.82973E-06,0
sample54,1.9366E-06,1.06051E-06,0.000504095,3.10399E-06,0.000268335,2.22618E-06,1.00391E-06,1.74084E-06,7.75681E-08,9.17011E-07,1.62155E-06,4.47708E-07,3.41424E-05,2.7329E-06,1.23701E-06,3.50274E-05,1.33515E-06,2.9216E-06,8.7146E-07,6.81937E-05,1.07859E-07,2.11418E-06,3.54465E-05,3.1551E-06,8.40063E-08,2.62795E-06,1.05353E-06,1.79812E-06,6.47233E-07,8.21437E-07,1.29232E-06,0,2.97034E-06,1.59364E-06,1.57618E-08,2.0313E-06,5.96681E-07,2.29305E-07,1.75146E-06,2.41408E-06,3.12713E-06,1.3289E-06,3.27554E-05,7.93001E-07,1.48015E-06,5.31921E-07,1.78117E-06,1.66266E-06,0.013755273,4.46151E-07,2.31521E-07,0.000135514,1.39032E-06,2.29937E-06,1.41925E-06,1.75421E-06,1.85973E-06,3.85908E-06,9.42773E-07,8.03789E-07,1
sample55,7.12452E-05,0.000214843,7.25573E-05,1.61817E-06,3.74768E-06,2.11235E-06,1.92161E-06,1.74543E-06,2.10493E-06,1.40055E-06,2.24799E-06,0.003997475,1.26905E-06,1.37703E-06,0.000144491,3.14531E-07,0,2.50543E-06,3.63554E-05,8.77841E-07,0.003033072,7.37649E-05,0.330794397,6.94442E-07,3.72972E-05,1.33131E-07,2.05491E-07,1.01758E-06,1.74896E-06,7.40311E-07,8.87402E-07,3.22223E-06,7.23496E-05,1.8585E-06,1.57135E-06,4.13853E-06,0.000324613,3.62604E-06,9.39957E-07,2.84152E-06,2.1535E-06,0.000641623,0.002496832,1.90874E-06,0.001999941,3.01272E-06,7.22106E-05,1.91352E-06,1.64733E-06,1.66678E-06,1.80779E-06,1.69378E-06,1.48346E-06,2.01513E-06,0,5.49084E-07,1.23055E-06,2.66725E-06,2.78621E-06,2.06912E-06,0
sample56,2.34819E-06,0.000933884,2.21203E-06,0.000234569,3.87391E-06,2.28543E-06,1.27032E-06,0,1.87306E-06,1.3903E-06,8.37745E-06,0.000318523,1.77721E-05,1.9598E-06,3.6698E-06,1.39513E-07,0.000134508,2.52878E-06,2.57486E-06,0,0.038398636,2.8813E-06,1.12929E-06,5.8946E-07,9.19638E-07,3.09779E-06,6.71712E-05,2.49315E-06,4.80668E-06,2.50844E-06,6.68222E-05,3.17111E-06,1.56615E-06,2.01507E-06,1.28611E-06,1.67666E-06,0.000400081,1.90486E-06,2.94475E-06,1.64165E-06,2.78244E-06,2.57755E-06,0.000934013,0,0.013664587,5.08367E-07,8.32231E-07,3.11008E-06,0.000878632,8.05608E-08,0.009256786,0.000333349,1.93405E-05,1.88163E-06,0.000400604,5.44552E-06,2.72445E-06,1.91223E-06,9.31777E-07,1.28759E-06,0
sample57,1.10467E-06,3.52295E-06,4.63837E-05,1.92652E-06,1.31994E-06,9.10841E-07,2.52613E-06,2.79979E-06,1.71247E-06,3.80933E-07,1.17476E-06,2.64664E-05,4.44337E-05,1.45661E-06,2.20513E-06,1.48113E-06,4.7408E-05,1.84097E-06,1.66627E-06,2.30564E-06,1.09072E-06,9.43802E-07,0.000110233,2.44062E-06,3.26201E-06,2.34571E-05,1.83589E-06,2.26448E-06,2.64497E-06,4.09481E-07,0,1.93703E-06,1.73141E-06,3.36461E-06,1.79049E-06,1.26487E-06,8.45689E-07,4.02879E-06,1.3227E-06,1.66961E-06,0,2.58734E-06,0.003768169,2.83135E-07,0.002289761,8.74794E-08,1.85553E-06,2.65741E-06,1.21368E-06,1.73754E-06,1.69942E-06,3.13154E-06,3.79459E-06,7.82821E-07,2.64368E-06,1.4322E-06,1.25425E-06,2.22421E-06,1.40294E-06,4.04073E-06,1
sample58,6.50861E-07,0.000422295,1.45952E-07,0.009827251,2.19393E-06,1.82146E-06,0.014603814,2.8901E-06,7.00718E-05,2.46455E-06,1.82712E-06,0.019656196,7.08381E-05,1.3779E-06,2.42134E-06,3.62831E-07,0.000141891,1.46109E-06,2.38004E-05,2.66695E-06,0.026468519,2.16848E-06,1.44098E-06,0.000140115,1.47771E-06,1.90932E-06,0.000983552,3.69544E-06,7.19535E-07,1.30518E-06,0.000350541,1.78688E-06,1.32214E-06,1.05091E-06,7.78915E-07,1.7307E-06,2.08549E-06,1.03492E-06,2.24988E-06,1.40343E-06,1.69095E-06,1.7121E-06,0.018322986,7.48071E-07,0.021415336,0,2.4696E-06,2.22191E-06,3.66452E-06,1.83273E-06,0,0.000914862,1.53901E-06,3.09982E-06,1.16411E-06,2.92886E-06,6.58829E-07,1.01092E-06,1.35808E-06,2.13228E-06,1
sample59,1.41229E-06,0.000129378,6.54617E-05,0.016360121,3.75901E-07,2.34906E-06,3.20649E-05,6.8129E-07,2.82792E-06,2.74275E-06,1.18099E-06,0.005231172,4.35194E-06,2.38739E-06,0.003890949,2.30396E-06,3.5813E-05,0.001116184,1.66053E-06,9.17097E-07,0.00207549,1.8956E-06,0.036193701,3.22437E-06,6.64557E-07,1.65181E-06,0.000224425,0.000671569,2.01752E-06,2.74289E-06,2.81587E-06,1.39125E-06,2.6995E-06,8.43432E-07,1.59757E-06,2.18241E-06,9.6057E-05,0.000159927,1.19738E-06,6.85445E-07,1.35706E-06,2.92722E-06,0.00870915,2.94144E-07,0.009504701,1.54871E-06,3.41567E-07,0,8.49846E-07,8.03704E-07,0.000415646,0.000767131,0,5.58319E-07,0.000382413,2.96027E-06,2.82232E-06,9.647E-07,6.63838E-05,3.01251E-06,0
sample60,0,0.006321851,1.26951E-06,0.012429461,4.87594E-07,8.71061E-07,0.000281254,2.72292E-06,7.14614E-05,2.47654E-06,1.97098E-06,0.001335066,0,9.95174E-07,2.14733E-06,8.10338E-07,4.37336E-06,0.001405046,0,2.04803E-06,0.000632897,0,1.34089E-06,1.90379E-07,3.23104E-06,1.07948E-06,2.54756E-06,2.61754E-06,2.40455E-06,1.49505E-06,3.54679E-06,1.37462E-06,8.28369E-07,3.82537E-07,2.29209E-06,7.65282E-07,0.000140821,1.19273E-06,1.72287E-06,2.57162E-06,2.23837E-06,1.99226E-06,0.008919332,0,0.006182729,2.16071E-06,1.90334E-06,2.33935E-06,2.39671E-06,1.96791E-06,2.22522E-06,0.001054341,1.11701E-07,2.21644E-06,0.000282763,1.682E-06,8.69272E-07,4.35901E-07,2.19677E-08,1.68778E-06,1
sample61,2.68559E-06,0.000670034,2.65056E-06,1.37439E-06,0,2.09937E-06,3.41788E-05,1.17108E-06,3.1209E-07,3.11126E-06,2.23239E-06,0.00190516,0.000103121,0,6.67155E-07,6.19016E-07,2.27678E-06,3.45287E-06,2.05444E-06,2.4007E-06,0.008530546,2.47406E-06,2.50151E-07,2.21472E-06,1.40526E-06,2.30484E-06,1.30037E-06,1.60195E-06,1.32571E-06,2.00569E-06,2.70518E-06,0,1.83877E-06,7.31535E-07,1.63737E-06,2.64599E-06,0.000569889,1.78672E-06,1.07318E-06,2.45243E-06,1.82607E-05,1.33879E-06,0.00602544,7.97354E-07,0.022165899,1.35769E-06,0.000134082,2.80432E-08,8.13738E-06,2.88866E-06,1.6896E-06,2.80897E-06,1.84429E-06,3.39164E-06,0.001003845,0,2.46843E-06,1.88395E-06,7.26935E-07,3.14932E-06,0
sample62,0,0.005211652,1.60545E-06,4.22073E-05,0.050534009,8.09022E-07,3.63461E-06,2.049E-06,0,2.66604E-06,1.73027E-06,0.025780048,5.56508E-07,1.85435E-06,3.1077E-06,1.65504E-06,9.16886E-07,1.4651E-06,1.97041E-07,7.9354E-07,2.0949E-06,2.05437E-06,1.86212E-07,3.01973E-06,1.87374E-06,1.03001E-06,1.132E-06,1.8738E-06,1.00901E-06,1.19634E-06,1.07613E-06,2.06007E-06,1.97921E-06,2.47967E-06,1.0918E-06,1.24979E-06,4.1657E-05,1.63934E-06,7.77435E-07,1.84212E-07,1.22621E-06,1.91918E-06,0.079429876,0.000158647,0.013897711,0,0,1.58112E-06,0.000132313,1.55236E-06,7.39926E-07,2.87387E-06,2.0012E-06,3.35028E-06,0.000395376,2.19559E-06,5.1438E-07,1.76915E-06,0,2.99336E-06,1
sample63,0,2.33122E-05,2.21559E-05,2.11238E-06,2.37641E-06,1.87947E-06,8.08722E-07,1.45019E-06,8.88084E-07,3.77817E-07,2.31269E-06,0.002488331,2.94249E-06,0,1.9979E-06,2.91219E-05,0.000127551,1.70827E-06,1.17368E-06,2.28721E-06,0.000886915,2.21441E-06,6.3776E-05,6.1032E-07,2.04227E-07,2.61157E-06,0.000171763,2.63312E-06,8.32447E-07,2.06671E-06,0,1.63962E-06,2.44792E-07,7.80912E-07,1.0539E-06,1.80324E-06,0.00236418,0.000319272,8.65877E-07,1.53854E-06,2.11242E-05,2.17339E-06,0.006496473,0,2.13584E-05,4.77952E-07,2.05207E-06,0,6.32913E-07,1.66647E-06,1.46859E-06,0.000507072,2.18303E-06,9.20989E-07,2.75282E-06,7.49081E-07,1.38911E-06,2.23869E-05,1.96816E-06,2.6265E-06,1
sample64,0.003783045,0.004801355,0,0.008874501,2.64261E-07,1.62623E-06,0,0.00036565,0.000145179,2.18402E-06,3.76316E-06,0.007710862,0.000147161,7.86629E-07,1.8791E-06,0,0.000144876,3.0254E-07,1.35626E-06,4.66906E-08,7.1823E-07,2.15072E-06,1.84695E-06,9.07236E-07,1.51663E-06,7.2682E-07,1.7063E-06,1.26507E-06,0.000144978,1.39438E-06,0.001018947,1.15262E-06,2.72152E-06,1.17525E-06,3.46219E-06,0,0.001165182,7.98974E-08,1.92945E-06,3.91948E-06,2.42498E-06,0.011057834,0.05207789,5.44262E-07,0.007566448,9.92138E-07,1.30151E-06,5.48611E-07,1.29577E-06,2.00381E-06,2.36911E-06,0.002619379,1.91306E-06,2.11972E-07,2.58833E-06,1.7652E-07,1.11303E-07,1.45187E-06,7.99313E-07,4.19547E-06,1
sample65,1.3247E-06,7.75643E-05,0.00168207,1.97934E-06,5.44561E-09,1.97643E-06,3.15982E-06,0,1.92413E-06,3.97937E-06,8.159E-07,0.000688345,3.43638E-06,0,3.92742E-05,6.29142E-05,0.000230557,2.73041E-06,1.60005E-06,2.67341E-06,0.009438552,1.2038E-06,0,1.26139E-06,7.76949E-05,3.80805E-06,2.14514E-06,1.44624E-06,0,0,2.60108E-06,0,8.7263E-07,0.000267958,8.88421E-07,8.87007E-07,0.000116137,0.000233139,6.34576E-07,0,2.55896E-06,0.000193945,0.001147777,2.02377E-06,0.000650791,0,2.18804E-06,1.66701E-06,1.36179E-05,3.35353E-06,6.507E-07,0.000537499,2.12077E-06,2.50057E-06,3.25134E-07,3.60818E-07,5.42738E-07,1.07302E-06,3.79207E-07,0,0
sample66,2.317E-06,0.00058584,4.48208E-05,8.48624E-05,1.54511E-06,2.0301E-06,0.016741847,2.12031E-06,1.73674E-06,5.36416E-07,1.29122E-07,0.000825386,2.82266E-05,1.14546E-06,0.000222599,4.01675E-07,0.00047314,0.001827758,2.80224E-06,2.08409E-06,0.020101626,1.462E-06,1.5822E-06,2.27004E-06,1.73382E-06,6.53591E-07,0.00011327,1.26698E-06,5.61487E-07,2.14961E-06,0.000377617,1.8E-06,1.29745E-06,2.06251E-06,3.08291E-05,2.33083E-07,0.000127086,1.79533E-07,1.75214E-06,1.87438E-06,1.56239E-06,0.000281634,0.011557432,1.50821E-06,0.010872756,9.65807E-07,1.64035E-06,2.10468E-06,2.26611E-05,1.66292E-06,0.000183866,0.000906209,7.20931E-05,3.0073E-06,0.001088565,0.000591249,0,1.69223E-06,1.05391E-06,3.11395E-05,0
sample67,2.83245E-06,2.99436E-05,2.53375E-06,1.68598E-06,2.78399E-06,1.19561E-05,0.00062101,2.25254E-06,1.77658E-06,4.48621E-07,0,0.01349364,2.07615E-06,8.57612E-07,0.003964002,2.97172E-07,0.00011379,2.18055E-06,6.31435E-07,0.006889867,0.005144898,0,0.000198427,1.23356E-06,2.45002E-06,2.01565E-07,0.00017124,3.66685E-06,5.89055E-07,0,9.20443E-07,1.3156E-06,2.13163E-06,6.28519E-07,1.40119E-06,8.50385E-08,1.64908E-06,2.38013E-06,3.84324E-07,1.20332E-06,2.82892E-06,1.7357E-06,0.000338631,1.84006E-06,0.000113251,2.71748E-06,1.6328E-06,9.15339E-07,2.08089E-06,1.58579E-06,2.91901E-05,0.000508251,0.000395579,3.46998E-06,2.44153E-06,0,5.82052E-05,0.000115498,1.87897E-06,1.08661E-06,0
sample68,1.53127E-06,0.005457653,1.75813E-07,1.30182E-06,1.44316E-06,0.000808574,7.10129E-07,0,1.07959E-06,1.3073E-06,1.79565E-06,0.000140671,5.68007E-05,2.33513E-06,0.001561055,0.00073391,0.000112387,0.020879327,4.87901E-05,2.92928E-06,2.94077E-05,2.15644E-06,2.61016E-06,2.07278E-06,2.31233E-06,9.69064E-07,2.27707E-06,0.001531502,1.34681E-06,0.00144828,7.79708E-07,1.77168E-06,0.0045686,2.16305E-07,1.44494E-06,2.1892E-06,1.98406E-06,0.000475045,2.18639E-06,1.4584E-06,2.19143E-06,4.16286E-06,1.82369E-06,1.58005E-06,0.001896022,2.3475E-06,1.93296E-06,1.50721E-06,2.01061E-06,1.66852E-07,7.88773E-07,0.001059668,2.06962E-06,2.23648E-06,1.46282E-06,0,1.76512E-06,2.0121E-06,2.50141E-06,8.55569E-05,0
sample69,1.05879E-06,0.000261569,2.3739E-06,0.000130315,0.031236934,1.46914E-06,2.85247E-06,1.61027E-06,1.01689E-06,0,6.1346E-07,0.00129306,0.000260181,1.58205E-06,2.13484E-06,2.93928E-07,1.067E-06,7.14266E-07,1.58583E-07,0,1.00151E-06,5.27024E-07,0.002969522,2.35072E-06,0,0.00013078,0,6.3354E-08,1.55592E-06,7.42934E-07,1.95285E-06,3.80303E-07,1.95252E-06,1.54304E-06,1.08079E-06,1.28941E-06,0.001807734,6.40402E-07,2.14526E-07,1.04749E-06,2.01667E-07,1.74531E-06,0.027752741,1.47843E-06,0.002321558,2.06592E-06,3.97095E-07,2.06413E-06,7.15673E-07,2.12684E-06,9.02412E-07,1.38658E-06,2.65559E-06,1.64849E-06,0.00309878,2.00925E-06,2.126E-06,2.68789E-06,1.82401E-06,1.68128E-06,1
sample70,2.88643E-06,0.001265771,1.38834E-06,0.046563123,1.56715E-06,2.31051E-06,1.75102E-07,0.000687138,5.25488E-05,3.44266E-06,1.43738E-06,0.008329936,1.49905E-08,9.99598E-07,8.94104E-07,9.29504E-07,1.65181E-06,4.74321E-07,6.17179E-07,1.93051E-06,0.000212949,1.59826E-06,0.000424569,2.77332E-06,1.934E-06,0,0.000159957,3.379E-06,3.18044E-06,1.86773E-06,2.68891E-06,1.4112E-06,1.30927E-06,0,0.000422936,1.68473E-06,0.000264723,7.9403E-07,2.12484E-06,6.82793E-07,8.06338E-07,1.66191E-06,0.011814386,2.76264E-05,0.018562153,1.94339E-06,0.000212391,8.85954E-07,5.7279E-05,2.94477E-06,1.79191E-06,3.83042E-07,1.55185E-06,3.25947E-06,0.002426264,1.76289E-06,1.65435E-06,2.68874E-06,4.25816E-07,0,1
