SampleID,sp49,sp51_unclassified,sp56_unclassified,sp41,sp60_unclassified,sp9,sp43,sp34,sp58_unclassified,sp7,sp57_unclassified,sp28,sp45,sp8,sp46,sp22,sp6,sp15,sp40,sp10,sp38,sp55_unclassified,sp42,sp27,sp5,sp2,sp1,sp32,sp59_unclassified,sp33,sp36,sp52_unclassified,sp54_unclassified,sp26,sp24,sp20,sp29,sp4,sp13,sp44,sp50,sp16,sp35,sp31,sp19,sp11,sp18,sp3,sp30,sp37,sp47,sp53_unclassified,sp39,sp14,sp48,sp12,sp25,sp23,sp17,sp21,Group
Group_B_58,0.068633403,0,0,0.004685089,0,0.004712085,0,0,0.023633261,0,0,0,0,0.019771142,0.052517302,0,0.079864692,0,0.05210063,0,0,0.082929306,0.037880577,0.001692594,0.006945898,0,0,0.026959992,0,0.045807686,0.019701371,0,0,0.023370681,0,0.003708296,0.049614938,0.063438998,0,0.041226552,0.029741029,0,0.070916999,0.033802938,0.022351239,0.010927922,0,0,0.022563613,0.011702137,0,0.037252655,0.026545134,0.019363557,0,0,0.005638284,0,0,0,Die
Group_B_14,0,0.176255279,0.006457103,0,0,0,0.002214088,0,0,0,0.042571626,0.00223482,0.024415773,0.025309731,0.01545825,0,0.028585342,0,0,0,0.006448384,0.025132139,0.037698136,0.01738983,0.158524765,0,0.033271685,0.032262686,0.010502233,0.018553493,0,0.017593453,0.090309526,0,0,0.042655951,0,0.011201034,0,0,0,0.051138507,0,0.005426669,0.00823844,0,0,0.042369036,0,0,0,0.001224844,0,0,0,0.020080405,0.00349867,0,0.022615682,0.020362421,Die
Group_B_9,0,0.016755259,0.009124373,0.01148336,0.001261856,0,0,0.020543243,0,0,0.073983202,0,0,0.008672081,0.007748447,0.005785156,0,0,0.083662204,0,0.047216462,0,0.03879248,0,0.001496917,0,0.018254679,0.005428353,0.035742376,0.053844868,0.008162273,0,0.026274131,0.001032297,0.264233702,0,0,0.009412957,0.019788242,0,0,0.024632759,0.010860578,0,0,0.027967904,0.042027686,0,0.031016651,0,0.028656811,0.026471116,0.019531274,0.018735533,0,0.00140077,0,0,0,0,Die
Group_A_31,0,0.027072045,0.058778818,0,0.019452686,0.007088079,0,0.0132021,0.001990979,0.02668651,0.05338245,0.028455552,0,0.017277107,0,0.033060958,0.02027983,0,0,0,0.03003556,0,0.0463798,0.012232793,0.011813135,0,0.021464896,0,0.007759467,0.025513921,0.009311784,0.001691496,0.009212922,0,0.013498299,0.057040314,0.037797796,0,0,0,0,0,0.033876139,0.04380808,0,0,0.015284611,0,0.065946125,0.03817015,0.02447839,0,0.011442633,0.050486252,0.009942814,0,0.029018838,0.034687758,0.01610532,0.036273593,HC
Group_A_73,0.045691966,0.012872637,0.003046599,0.018867888,0.007663154,0.000563793,0.009703528,0.023443071,0.03717299,0.0000206,0.017667303,0,0,0,0.004818748,0.022547847,0.046677548,0.000289129,0.006594134,0.007280834,0.019680475,0.00860858,0.001179212,0.014147173,0.013866778,0.002362872,0.000152874,0,0.012950738,0.02887885,0,0.002360936,0.008003997,0.024856599,0.028258096,0.006028443,0.026828646,0,0.007373014,0.000870838,0.144211783,0.01053566,0.028783017,0,0.020394281,0.008147252,0,0.038707502,0.017855755,0.032906173,0.000431377,0.08979152,0.002191113,0,0.054756855,0.026474862,0.019149917,0.015710155,0.018059103,0.000563785,HC
Group_B_37,0.012144493,0.004444642,0.006056806,0.007949221,0.017798097,0,0,0.003541084,0.007612043,0,0.002672658,0.023799141,0.026897305,0.001585914,0.003747209,0.036056814,0.009966252,0.032676895,0.047223044,0,0,0.057893888,0.110650724,0,0,0.045486997,0,0.019315157,0.04681706,0.001349797,0.115684434,0,0,0.020625419,0.012181586,0.081145465,0.005994968,0.018071393,0.095856322,0,0.008125714,0,0.010625915,0,0,0,0.00133456,0,0.008113178,0,0.031840596,0.000214448,0.013304471,0,0,0.035552165,0,0,0.015644125,0,Die
Group_B_6,0,0.029078466,0.039182133,0.001668821,0,0.047511298,0.025102536,0.008280157,0,0.001224837,0.047535783,0.009298041,0.018910903,0,0,0.015049405,0.005878747,0.044505351,0,0.040498931,0.005656922,0.036136643,0,0.000191935,0.050017058,0,0.012289408,0.024244006,0.000871579,0.034334744,0.024623256,0.035152919,0.012285043,0,0.000316491,0.017831017,0.013787911,0.018133041,0.000261385,0.00730939,0,0.034389951,0.0512749,0.052874791,0,0.031559865,0.037396743,0,0.026255459,0.008601117,0.033233552,0.029169701,5.59E-05,0.02279869,0.000244225,0.018987286,0.0005279,0.000564291,0.007171853,0.017725618,Die
Group_B_62,0.003258427,0.21644574,0.039998948,0.010734302,0.00108171,0.002222174,0.004623208,0,0.120070651,0.005085379,0.000238574,0.000448102,0.043768819,0.001322441,0.002700751,0.000433332,0.024912957,0.032222901,0.015521286,0.011398849,0.001629869,0,0.025014523,0.049320115,0.002827707,0.024541303,0.021143849,0,0.001262604,0,0.001040956,0.000201826,0,0.035190847,0,0,0.008805031,0,0,0.010946484,0.028771133,0.001604385,0.004292701,0.037067855,0.000687449,0,0.003189074,0.000642446,0.012189195,0.029938507,0,0.008928709,0,0.062461244,0.006827034,0.026560147,0.008102196,0.016618379,0.018176681,0.0155292,Die
Group_B_13,0,0.061719116,0,0.014862119,0,0,0,0.003315158,0,0,0,0.026124122,0.005135941,0.032034099,0,0,0.032301634,0.014734617,0.024590515,0.004590927,0.0213886,0.151501244,0,0,0.073816772,0.038500553,0,0.055163219,0.010902974,0,0,0.001350698,0.025214155,0.014613971,0,0.005160576,0.055392045,0,0.031281922,0.023388289,0.022609606,0,0,0,0.003092023,0.083751987,0,0.038710705,0.03289067,0,0,0.003695461,0,0.012097667,0.04741582,0,0.021817155,0,0,0.00683564,Die
Group_A_6,0,0.020505751,0,0,0.005617087,0.00961744,0,0.042837106,0.026907876,0.027130539,0.010759166,0,0.050214749,0.055056235,0.031940002,0.025909629,0.078066026,0,0,0,0,0,0.037583821,0,0,0.00705986,0.006530253,0,0,0,0.047552853,0.049643644,0.034382161,0.002865729,0,0.030787215,0.016280587,0.066734686,0,0.0500504,0,0,0.029232434,0,0.01638796,0.005953777,0.02644515,0,0.044527126,0,0,0.057625273,0,0.025743581,0,0,0.02018253,0.011729841,0,0.028139513,HC
Group_B_8,0,0.082923764,0.02517691,0.020142797,0.015061373,0.041501224,0.016815757,0.015295782,0,0.029371898,0.012177175,0,0.020249361,0.017395489,0,0.010381921,0.002547725,0.008721041,0.015252728,0.006806412,0.012635974,0.031603641,0.024677854,0,0.069823611,0.046889155,0,0.03950835,0.000832817,0.000683828,0.015809036,0.008850462,0.022831699,0.001285866,0.022020643,0.016011387,0.019743309,0.001626786,0.039932214,0.02285013,0.035938422,0.020329672,0.0005978,0,0.049672657,0.037212547,0.008932469,0,0.000601121,0.032576706,0,0.045867969,0.001002625,0.004293479,0.000758449,0.000304143,0.007014662,0,0.001898608,0.015560551,Die
Group_B_54,0.003144233,0.022505739,0,0,0.006414809,0.049395941,0,0.007376492,0,0,0.011588773,0.023626537,0,0,0,0.064888755,0.037098723,0,0.034161433,0,0,0,0.024701496,0.008997521,0.063586639,0,0.079585974,0.022727994,0.021656058,0.037289817,0,0.00354391,0.041040701,0,0.010053156,0.005036942,0,0,0,0,0.045814139,0,0.081339644,0.048080608,0.034241298,0,0.007907906,0,0.067104516,0,0,0,0,0,0.001655153,0,0,0.058382184,0,0.077052909,Die
Group_A_5,0.052192676,0,0,0,0.00446251,0.000196284,0.056031931,0.060501495,0,0.017725857,0.052860005,0.002429665,0.013434362,0.005811896,0.060515638,0.002155722,0,0.04329248,0.016071917,0,0.022903747,0.001804704,0.012702395,0,0,0.017704224,0.017112448,0.034494259,0.073292826,0.000622547,0,0,0.040725517,0.023584914,0.06588662,0.052372269,0.050863866,0,0,0.004994981,0.003058719,0.032137315,0.036529089,0.000449207,0.000324211,0,0,0.008090497,0.031729979,0,0,0.027002498,0.001183978,0.007373645,0.006907137,0.010346218,0.016065242,0.000273533,0.01155137,0.000229607,HC
Group_B_36,0,0,0.010085068,0.015760913,0,0.007807516,0.001037946,0,0,0.04009213,0,0,0.019803715,0,0.016570736,0,0.038328645,0,0.005139176,0,0,0.048689232,0,0.000493697,0.037603847,0.063749906,0.070068082,0.00749665,0.02252541,0.038426006,0.005214285,0.000706004,0.013653351,0.000200515,0.235165006,0.038248769,0.005708113,0,0.001738374,0,0,0.0102019,0.033923717,0,0,0.030172198,0,0,0.061385089,0.006288906,0.031802251,0,0.048317849,0.004918518,0.006046788,0.013593098,0,0,0.009036594,0,Die
Group_B_34,0,0.003455981,0,0.014876514,0,0.050365762,0.000531973,0.037155263,0.039065053,0,0,0,0,0.046076105,0,0.046275054,0.004299684,0,0.036857656,0.046316217,0,0.190773264,0.05883692,0.017373861,0.046866251,0,0.018867238,0.010842884,0,0.018708365,0,0.007479349,0.007816979,0,0.004644414,0.037526234,0,0.055916225,0,0.026922861,0,0.010260003,0.020843242,0.036502695,0.002882211,0.019173261,0,0,0,0,0,0.01529266,0.002600915,0.014044886,0,0,0,0,0.039220004,0.011330015,Die
Group_A_54,0,0.014369479,0.054688077,0,0.029104466,0.046249829,0,0.049225645,0,0.026805609,0.035835482,0,0.01151393,0.032632042,0.006442194,0.008905357,0.010259129,0.055869528,0.013948028,0,0.002199299,0.028690218,0,0,0,0,0,0.028109701,0,0,0.031484718,0.001211421,0,0.018283004,0.002217497,0.034341425,0,0.025308004,0,0.062960938,0.049655369,0.000894213,0.031783215,0.048210027,0.034262873,0,0,0,0,0.014686109,0,0.07671131,0.004625177,0,0,0.060855351,0,0.027632841,0.020028496,0,HC
Group_A_77,0.059037948,0.004665494,0.002688578,0.060715859,0.000268405,0.009077101,0.0008599,0.0000227,0.004324284,0.053107744,0.04971554,0.043893827,0.060927645,0.040500571,0.034876418,0.019299882,0.001131163,0,0.000448209,0.039058428,0.051302186,0.001692032,0.059742359,0.025317076,0,0.021660164,0.000488924,0,0.000381867,0.003710165,0.055675072,0.007985118,0,0.030191617,0,0.036010487,0.012219904,0.007577474,0,0.048647491,0.017030791,0.029629535,0.006416344,0.000495063,0.003992375,0.006370487,0.00021467,0.00033042,0.000634445,0.045694111,0.00984596,0.000239242,0.006000475,0.014207789,0.003966787,0.005422409,0.001049754,0,0,0.001237711,HC
Group_B_11,0.03725759,0.002352384,0,0.030535477,0,0,0.019975468,0,0.034165056,0.024703584,0.002879396,0,0.007830813,0.012828339,0.012424,0.031370394,0.009459124,0.010546107,0.00947268,0.008069835,0,0.072292523,0.021208978,0.037795872,0,0.055654129,0.02472447,0.043414798,0,0.03767225,0,0,0,0,0.003692538,0,0,0,0,0.052019047,0,0,0,0.024068364,0.039047512,0.028133182,0.023683456,0.022147981,0.029907449,0.021839634,0,0,0.034718883,0.060400963,0.062362102,0.012472982,0,0,0.010829848,0.028042792,Die
Group_B_17,0,0.016204788,0.025019949,0.01796145,0.029622755,0,0.009704517,0,0.008029541,0.032923405,0.020652681,0,0,0,0.0089546,0.032455783,0.031311872,0.056988541,0,0,0,0.061008706,0.021222003,0.002709926,0,0.020497343,0.012639704,0.003517172,0,0.01550705,0.02065303,0,0.056879275,0.001025267,0.036026148,0,0,0.017600903,0.077580189,0,0,0.001297651,0.027724712,0,0.050692917,0,0.037057647,0.013406139,0.017591345,0.031510433,0,0.014359912,0,0,0.039623467,0,0.038061789,0.024094204,0.045918156,0.02196503,Die
Group_B_71,0.048691892,0.157189694,0.000310788,7.32E-05,0.000680489,0.017851237,0.040740541,0.010412434,0.117343958,0.002054442,0.00095146,0,0.01293263,0.025407184,0,3.37E-06,0.027283284,0,0.000170211,0,0.002425445,0.008625592,0.013309764,0.008930872,0.000381273,0,0.001126235,0,0.0127976,0.014571653,0.001058516,0.01698494,0,0.007886836,0,0.024526721,0,0.004058422,5.24E-05,0.011125068,0.014398894,0.016200413,0.036642146,0.045546687,0,0.013706831,0.02576971,0.003284517,0.001341856,0.144060415,0,0.000839359,0,0.01395436,0.000896323,0,0.004487631,0.047845285,0.019173989,0.021893432,Die
Group_B_70,0.047020755,0.19788285,0.008531071,0.085150683,0.046062111,0.000337834,0.004200824,0.023308452,0.188047526,0.000610317,0.028919199,0.010085953,0.016487552,0.0000141,0,0,0.00061658,0.013300776,0,0.004649036,0.0000775,0.0581405,0.0000722,0,0.011467675,0.000519022,0,0.003216962,0.025352629,0.000479246,0,0.00164948,0.009122916,0.023338304,0.021017172,0.026115237,0.019967547,0.016245501,0.018935186,0.005064192,0.007588282,0.001033436,0.000543153,0,0.000443731,0.000301765,0.015102059,0,0.012391288,0.013898221,0.000179499,0.00169647,0.00959596,0,0.011241105,0.007249657,0.001589957,0.001025687,0.000112842,0,Die
Group_A_70,0.014818663,0.019492891,0,0.045877275,0.016119681,0.085090562,0.036618183,0.018444444,0.008567917,0.012348166,0,0,0.007641353,0,0.007904941,0.069879534,0.014962694,0.011766223,0,0,0,0,0.034345907,0,0.006994011,0,0,0,0.018350568,0.082100559,0.0506194,0.013765482,0.041002305,0,0.034186799,0,0,0.03121665,0.014995652,0.012654445,0.00326666,0,0.002550682,0.038649368,0.001239116,0,0,0.02572018,0.027716148,0.002121956,0.031229191,0.050374571,0.0284679,0.020781529,0,0,0,0,0.025017848,0.033100546,HC
Group_B_43,0,0,0,0.05533037,0.005320658,0.024978785,0,0.028858001,0.018341173,0,0,0.008483149,0,0.079121598,0,0,0,0,0.040384242,0.002874478,0,0.02165446,0.024355108,0.011609174,0,0.040829052,0.025740281,0,0.024658074,0,0.035549752,0.029072108,0.080180023,0,0,0.016853609,0.022451458,0,0.049182848,0,0.021895408,0,0,0.008269923,0.04822021,0.043197454,0,0.009518262,0.079282332,0.005684317,0,0,0.042111843,0,0,0.054119919,0,0,0.041871932,0,Die
Group_A_63,0.035340813,0.016505168,0.033411436,0,0,0.070657178,0.005732365,0.041760064,0,0,0,0.032000282,0,0.042503484,0.008452488,0,0,0.029150507,0.04637714,0.036625063,0,0,0.040555599,0.058404504,0,0.00008,0,0.00713296,0,0,0,0,0,0,0,0,0.026431087,0.056134794,0.012622832,0,0.016921589,0,0,0.004850446,0,0.028431906,0,0,0.021920013,0.021282477,0.020464388,0.097826026,0.016130779,0.023688572,0.054867709,0.010382101,0,0.08335623,0,0,HC
Group_B_48,0,0.000439777,0,0.022557875,0,0.001024717,0.049181701,0.022593346,0.038153526,0.059221795,0.025710635,0.039540465,0.048505762,0,0.030981564,0,0.026274803,0,0.028319076,0,0.007722407,0.018819423,0,0,0,0.048164044,0.039979557,0.070733399,0,0.019240623,0,0,0.003449584,0,0.043632229,0.025786881,0,0.098183006,0,0,0.033085176,0.037385344,0,0,0.001221747,0,0,0,0.01718522,0.016376303,0,0.003066961,0,0,0.02287652,0,0.039195383,0.033472639,0,0.027918511,Die
Group_B_28,0.02103589,0.009778104,0.031680217,0,0.008726421,0.020900171,0.036026312,0,0.018704056,0.033319334,0.004980182,0,0,0.144194292,0,0.010035172,0.008810185,0.005959853,0.019861427,0,0.007034955,0,0,0.034717182,0,0,0.13680494,0.06004918,0.010923951,0.001733345,0.017384649,0.001127165,0.150729985,0,0.006339367,0.023419,0,0.011038108,0,0,0,0.017415909,0,0.012932378,0.009933431,0.017067799,0.035087916,0,0.001731853,0.035498225,0,0.000441502,0.00306969,0.005218273,0,0,0,0.016258051,0.010031531,0,Die
Group_A_27,0.009180412,0,0,0.023091268,0,0,0.013621549,0,0.009565525,0,0,0.018846953,0.023509111,0.012943934,0.00454933,0,0.003901181,0,0.012127076,0,0.163922653,0.010326781,0.045551257,0.034738926,0.043983111,0,0,0.038099679,0.029488136,0.008099985,0,0.150078754,0.016182429,0.012578431,0.012607769,0.072791115,0,0,0,0,0.005646829,0.002228144,0.021237169,0,0.037694395,0.02810461,0.009121015,0,0.016017164,0,0,0,0.0519096,0.011412982,0,0,0.01525778,0.012221446,0,0.019363501,HC
Group_B_16,0,0,0,0.001625205,0,0,0,0.053407074,0.035555069,0,0.034729645,0.027287713,0.047111363,0.021085579,0,0.0376596,0,0.012939688,0,0.024839055,0.026103868,0.02886003,0,0.014133576,0.005221358,0.053542159,0,0.000886718,0.022031418,0.002982452,0.030932416,0.020203349,0.053434215,0,0,0,0,0,0.017893,0.043562789,0.048516732,0,0.048042297,0,0.053779357,0.01073708,0.020195451,0.042088193,0,0,0,0.025530771,0.019556842,0,0.039791524,0.017296424,0.051062868,0,0.007375121,0,Die
Group_A_12,0.010624866,0,0,0.023642796,0,0.039463586,0.045755004,0,0.004424481,0.027018914,0,0,0,0.008407792,0.017291517,0,0,0.004963807,0.011447975,0.023818347,0.03495653,0.012868338,0.023005264,0.091349432,0.024179954,0.013157405,0.059491501,0.042826145,0,0.02532579,0,0.022575546,0.020139008,0,0,0.075153476,0.088434328,0,0.036748425,0.023166957,0,0,0.023088731,0,0.025838217,0.001589553,0.035344511,0.03765286,0,0,0,0.01638276,0,0,0.005281038,0,0.029708212,0.007962001,0,0.006914934,HC
Group_B_31,0.019401635,0.099359243,0,0,0,0.012587744,0.00843581,0,0.03741586,0.017473968,0.022669897,0,0.012451222,0,0,0.019858346,0.030140698,0.00953513,0,0.013803904,0.037441463,0,0,0.009368422,0.151368227,0,0,0,0.020462716,0,0,0.011647886,0.000312198,0.022937523,0.259904531,0.013979369,0,0.018887707,0.019008999,0,0.005798955,0,0,0,0,0.048772717,0,0,0.012234377,0,0,0,0.004588394,0.013371668,0,0,0.013242974,0,0.000422076,0.033116341,Die
Group_B_18,0,0.082855317,0.033712343,0,0.0032119,0,0,0,0.084165355,0.001093996,0,0,0,0.010997855,0,0.001251855,0,0,0,0.007953013,0,0,0.040175314,0.003520917,0.077180399,0,0.055893105,0,0.01540416,0.018877777,0.023107068,0,0.020365215,0,0.000259333,0,0.011692451,0,0.032889724,0,0,0.07883428,0.006602974,0,0,0.009634798,0,0,0.0151344,0.143400953,0.070710492,0,0.03998154,0.017802062,0.011491173,0,0,0.039421957,0.042378273,0,Die
Group_B_35,0,0,0,0.030381911,0,0.043634982,0.049339843,0,0.001115166,0.000293489,0,0,0.018175453,0.020409586,0.006377478,0,0.029726261,0,0,0.022563751,0.039732208,0.009505213,0,0.014991266,0,0.012001116,0.039587457,0.013703192,0,0.012181239,0,0,0.007745499,0,0.254859255,0.011526816,0.025225606,0.008280885,0.014401468,0.033843971,0.022800551,0.004008048,0,0.020238999,0,0.028648001,0.021690587,0.028753983,0.013493662,0,0.020984835,0.021701189,0.035290142,0,0.018795339,0,0.018568837,0.007207961,0.018214755,0,Die
Group_B_57,0,0.020184961,0,0.01007395,0.027691416,0,0.029308747,0,0.026901653,0.010562926,0.017247397,0,0,0.034227671,0.005757844,0.026399212,0,0,0,0,0.05720626,0.017854449,0.030807712,0.001078115,0.020533284,0.062490861,0,0.019694759,0.051884676,0.023229811,0.081655097,0,0,0.003034585,0,0,0,0,0,0.047464436,0.057810846,0,0.003959619,0.036074398,0,0.096927233,0,0,0.01688696,0.010461275,0.014538015,0.041370338,0,0.025823868,0,0.023447031,0,0,0.047410595,0,Die
Group_B_40,0.002842099,0,0.000513474,0.012217332,0,0,0.015659776,0.006935273,0.007744039,0,0.030920598,0.00677325,0.006732274,0.054309605,0,0,0,0,0.058562011,0.032481516,0.020986654,0.114933962,0.024340373,0.010372079,0.029411711,0,0.045012177,0.033634549,0,0.026780944,0,0.058422102,0,0,0,0.009120896,0,0.014493788,0.002861178,0.054556646,0,0.00903163,0,0.082601827,0,0,0,0.058371487,0,0,0.012316537,0.061320841,0.033541871,0,0.016208863,0.017655831,0.028332807,0,0,0,Die
Group_B_56,0,0,0,0.035164322,0.025566808,0,0.017059282,0.056225447,0.035998882,0.047878443,0,0.038324577,0.032858298,0,0,0.01710947,0,0,0.023474178,0,0.057396528,0,0.014740488,0,0,0,0.018372953,0,0.010588134,0.000548468,0.04995667,0,0,0,0.017354889,0.035148536,0,0.054056409,0.051432451,0,0.024189644,0.017091891,0,0.011555298,0.012992793,0.106314583,0,0.043879387,0.058855451,0.051167827,0,0.009510888,0,0,0,0,0.025187005,0,0,0,Die
Group_A_32,0.012360493,0,0,0.007962703,0.030913516,0.078407815,0.046272532,0.008611361,0.01412461,0.0335527,0.013135756,0.022472887,0,0,0.022223069,0,0.055575844,0.018804341,0,0,0,0.019797063,0,0.003688236,0.050987247,0.017412327,0,0.041777089,0,0.027675603,0.028525389,0.013714619,0.007429811,0.011717615,0,0,0.038494094,0,0.018639606,0.042735427,0.021230705,0,0,0.030685207,0,0,0.054734837,0,0.040569661,0.020564225,0,0.005848187,0.00941041,0,0,0,0.005954385,0.048698025,0.047000178,0.028292427,HC
Group_A_39,0,0.030429714,0,0.019289435,0.015989018,0.06341786,0.022908503,0.000376439,0,0.024752036,0.034123929,0,0,0,0,0,0.022202049,0.068101256,0,0,0.064299167,0,0,0.004791656,0.051804028,0,0.008206305,0,0.031680925,0,0,0.018895826,0,0,0.069531581,0.034453403,0.023981689,0.053314151,0,0,0.046700892,0,0,0.074882752,0.023198295,0,0,0,0.058706442,0.023486013,0.003010075,0,0,0.041272371,0.011468497,0,0,0.047513565,0.007212128,0,HC
Group_B_32,0,0.014831311,0,0.014195393,0.000148749,0.008841706,0.008881088,0.004114005,0,0.023042109,0.035660942,0,0,0.133372844,0.017868794,0.0015467,0.011967024,0.014854889,0.017081354,0,0.020704892,0,0.042020075,0.011355019,0,0.012738099,0.077780394,0.11001861,0,0,0.004668193,0.003246443,0.167329617,0,0.014681432,0.008600927,0.003344282,0,0,0.003399865,0,0,0.020416482,0,0,0.039492488,0,0.025285814,0.012050333,0,0.004005792,0,0.009746186,0.052571503,0.027042758,0.017231917,0.005861971,0,0,0,Die
Group_B_5,0.005640084,0.019368373,0.036195827,0.048067596,0,0.002692636,0.001761969,0,0.00918202,0.035777036,0.001589522,0,0,0.058186492,0.017984673,0.000811778,0.000637046,0.018365557,0.001358295,0.02720044,0.00490994,0.012153758,0.002023158,0.029640376,0.085313825,0,0,0.005217477,0.004012249,0.023789175,0.040785777,0.001095025,0.024206668,0.032381736,0.014379771,0,0,0.00016305,0,0.000628402,0.02920779,0.042927248,0.041085558,0.023526552,0,0.0492979,0,0.040097041,0.000531281,0.009252534,0.001465596,0.000707037,0.027550385,0.022088069,0.052290154,0.041857722,0.000290155,0.041826525,0.00038335,0.010095372,Die
Group_A_33,0.083672282,0.030868007,0.000211327,0.03510731,0,0,0.052782424,0.006496442,0.002989546,0,0,0,0,0.0200789,0.018448764,0.09315914,0,0.014097336,0,0.019796224,0,0.005681762,0.088193587,0,0,0.067652487,0.004204161,0,0,0.002966355,0,0,0.006023249,0.002493969,0.030447079,0.014068839,0,0,0,0,0,0,0,0.020105557,0,0.092561499,0.007003053,0.0233811,0,0.000633008,0,0,0.045753564,0.036073709,0.011184203,0.039541443,0.06681277,0,0.019073288,0.038437616,HC
Group_A_68,0.041190004,0.005496265,0.001111207,0.022480081,0,0.032439788,0,0.002395042,0,0.039559682,0,0,0,0.003395557,0,0,0.034378409,0.01524767,0,0.024424629,0,0,0,0.035580814,0.051698195,0.056656153,0,0.06360364,0.06607099,0.011342989,0,0.015808839,0,0,0.032590956,0.009399522,0,0.0264087,0.019533529,0,0,0,0.05818267,0,0,0.012981249,0.01107775,0.004476032,0.05726386,0,0,0,0,0.02245174,0.030122953,0.082960547,0.0396861,0.061153788,0.00883065,0,HC
Group_A_20,0,0.045160354,0.028717037,0,0.035177642,0,0.010680966,0.008532215,0.020327635,0.092020084,0.01990747,0.039235004,0,0.019580018,0.036914002,0,0,0,0,0.023052014,0.009047047,0,0.039809633,0.003412847,0.01767701,0.007921097,0,0,0.028680633,0.007376153,0.081465619,0.022258103,0,0,0.053103067,0,0.04821848,0.0000229,0,0.044506706,0.030721617,0.038784527,0.00529938,0.025887667,0.050888868,0,0.002956451,0.013448758,0.007387785,0.032064319,0,0.022670187,0,0.019612953,0.006121373,0,0,0.001352379,0,0,HC
Group_B_55,0,0.015140042,0,0.05923929,0.060029155,0.017676123,0.008301784,0,0,0,0.060881515,0.029644239,0.014321547,0.013487002,0.054521388,0,0.049061119,0,0,0.009512302,0.02764736,0,0,0.029122764,0.047897487,0.054854402,0.020057965,0.05742731,0,0.026387145,0,0,0.020898604,0.061800285,0,0,0,0,0.011167938,0,0,0,0,0.047815045,0.001276965,0,0.032486714,0,0,0.040126913,0.013199061,0,0.011008329,0,0.027027255,0.018201247,0,0,0.059781705,0,Die
Group_A_67,0,0.035540001,0,0.010318691,0.035217119,0,0.039900324,0.006589146,0.021053009,0,0.05609211,0.000961641,0.006347937,0,0.008534765,0.001801325,0.043576576,0.006364914,0.018872352,0.016907776,0.058903823,0.002223004,0.081827669,0.024555451,0,0.0001387,0,0.000701053,0,0,0,0.002232133,0.066322031,0,0.002766948,0.002378573,0.036381392,0.021868051,0.046933306,0.002369191,0,0,0.029462775,0.001810019,0,0.039698795,0.005793361,0,0.026258295,0.048340905,0.02697367,0.033861502,0.05212148,0.027828743,0.006322934,0,0,0.039191115,0.004657395,0,HC
Group_A_16,0.003204477,0.000349778,0.133120212,0.016000786,0,0.012618694,0.023015206,0.042839164,0.017668448,0,0.026407623,0,0.009898752,0.01810383,0,0.025832309,0.020014702,0,0.024445494,0.00262464,0.060779228,0.013507659,0,0.029159012,0.020553314,0.024809215,0,0.006758052,0.031943951,0.001841876,0.001415447,0,0,0,0.152740557,0.008393079,0,0.040583177,0.009790778,0.003475045,0,0.018768614,0,0,0.023489561,0,0.01666745,0,0.033640642,0.019063466,0,0.023127978,0.022656809,0.010135612,0.014986855,0.013456051,0.022112457,0,0,0,HC
Group_B_59,0,0.012043533,0,0.035773696,0,0.02350588,0,0.030625127,0.019117375,0.043517134,0,0.05304901,0.034740474,0.007714324,0,0.030477706,0,0,0,0,0,0,0,0.01498275,0.057285556,0.011214677,0.012814835,0.007864917,0,0.039901768,0.04493295,0,0,0,0.010168725,0.034560108,0.043084775,0.034034257,0,0.014491847,0.023093594,0.052204184,0,0,0,0,0.070500613,0,0,0.006602854,0.020046514,0.012518987,0.005385156,0.029021711,0.037902655,0.077825491,0,0,0.024003196,0.024993621,Die
Group_A_56,0.024136464,0,0.02289083,0.012111051,0.022479401,0.006230137,0.027291455,0.052270261,0.005976369,0.004143348,0,0,0,0.01566032,0.013117436,0,0.011202364,0,0.006489498,0.010052977,0.088753531,0.044500734,0.017632281,0,0.005983814,0,0.029061466,0.012729255,0.042630714,0.042637088,0.041496115,0.047444955,0.027346305,0.009998614,0.031501536,0.008111455,0.022014527,0.034766158,0.005775312,0,0.055237583,0,0,0.012800006,0.008025226,0,0,0,0,0.00728505,0.001561489,0.048171318,0.016389884,0.007730416,0.049311368,0.026511503,0,0,0.020540386,0,HC
Group_B_26,0.01273882,0,0.004689576,0.018704478,0,0,0.022632168,0.015968628,0.043588866,0,0.009957807,0,0.010197006,0.125571815,0.03262898,0,0.01119282,0.001867954,0.014931639,0,0.010363489,0,0,0.042091908,0.011902945,0,0.11937384,0.075478279,0.009334005,0.010047721,0,0.027616417,0.142209918,0,0,0,0.02320714,0.016762266,0.005187537,0.00118017,0,0.017466454,0.000820364,0,0,0.011123877,0.018401151,0,0.028349854,0.003194844,0,0.010701865,0,0.013892693,0.010810429,0.032109623,0.005871161,0,0.024234985,0.003596508,Die
Group_A_59,0.038215653,0.035307742,0,0.045535544,0.077381796,0.003622429,0,0,0,0,0.024178595,0,0,0.019608021,0,0.010011127,0,0.040235417,0,0,0,0,0,0.053807902,0.004297598,0.026092658,0.031584462,0.049239024,0.048234447,0.018305465,0.020142867,0.002301088,0.027091646,0.016573393,0,0,0.018314967,0.078761041,0.06243744,0,0.034292058,0.019483153,0.052046141,0.019471473,0.014930725,0,0,0,0,0.004937987,0.011555857,0.021975899,0,0.046817812,0,0,0.007646986,0,0,0.015561587,HC
Group_A_51,0.084372472,0,0.024577695,0.02799956,0.036089982,0.057783786,0,0.088361779,0.001037143,0,0.077688163,0.051618839,0.029050501,0,0,0,0,0.001294095,0,0,0,0,0.025490303,0.008147882,0.019541361,0,0,0.008485431,0,0,0.020037959,0,0,0.026522855,0.024715901,0.007047578,0,0,0.032798147,0.025582478,0.00207064,0.004257109,0.003736376,0.071690643,0.022622477,0,0.054905161,0.024125354,0,0.012286897,0,0,0.032341895,0,0.003368608,0.009660476,0.060504171,0,0.020186282,0,HC
Group_B_45,0.041197094,0.03913461,0,0.071299957,0,0.035261775,0.035749708,0,0.0367894,0,0,0.075505114,0,0,0,0,0.064616122,0,0,0,0,0,0.007539518,0.012218168,0.064988156,0.075039123,0.013971634,0.008085444,0,0.006250042,0,0.029662081,0,0,0,0.026380595,0,0.027363855,0.022138482,0,0.004401813,0,0,0.010744508,0,0,0.0202163,0,0.000849008,0.004639421,0.035985963,0,0.042803309,0.083415018,0,0.039128539,0,0,0.012213515,0.052411728,Die
Group_A_74,0.033115803,0.042494952,0.013695961,0,0,0,0.00956731,0.02857396,0,0.000392629,0.063169648,0,0.026957218,0,0.015524446,0.029644674,0,0.001927925,0.001628571,0.016666214,0,0.043162464,0,0.027856232,0.001580367,0,0,0,0.044293873,0.000626069,0.075698509,0.003985043,0.045144515,0.018738729,0.057331288,0.016927804,0.000105315,0.036939396,0.001511076,0.015580631,0.00051224,0.004697321,0.039776349,0.000177111,0.000783882,0.009887918,0.00101968,0.048564231,0.00097679,0,0.008919904,0,0.028532184,0.03464309,0.050639723,0.060896789,0.034103459,0.001425676,0.000194184,0.001408847,HC
Group_A_46,0,0,0.020402557,0.012210718,0.033618227,0.020330952,0,0.006329399,0.021863458,0,0.021482132,0.037439357,0,0,0,0,0.013188543,0,0,0.012307515,0.031342904,0.004990816,0.05892639,0.004456019,0.007378145,0,0,0.003246135,0,0.054800815,0.037300875,0.021173467,0.11278246,0.028678522,0,0.00060728,0,0,0,0.017462751,0.030580839,0,0.026374693,0,0.019489702,0.012990467,0.060113437,0.077499066,0.005506722,0.027093391,0,0,0.017466614,0,0.062760609,0.018563689,0.015644269,0,0,0.043597066,HC
Group_A_13,0,0.028878159,0.096677175,0,0.034015693,0,0.012440268,0.043725079,0,0.008144112,0.008223055,0,0.065611726,0,0,0.023749853,0.004101514,0,0.025586642,0.010735809,0,0.02890719,0.034144702,0.041988067,0.004717293,0.044177891,0,0,0.006678896,0.021466822,0,0.081366416,0.056648616,0,0.002778949,0,0,0.011697501,0,0,0,0,0.009551155,0.049705388,0.039986439,0.013088478,0.00276389,0.006907039,0.022875892,0.006954123,0,0.040326124,0,0.021057724,0.01309398,0,0.032260364,0.01113817,0,0.033829806,HC
Group_A_19,0.023773905,0.020195245,0.006806678,0.001081395,0,0.062830025,0.018599745,0.012681903,0.0376577,0,0.026516174,0.015679473,0,0.025060279,0,0,0,0.01022679,0.010967278,0.033761087,0,0.026791036,0.024160626,0.040572114,0.045996648,0.103899574,0,0.002216748,0.023019033,0,0,0.032151351,0,0.004898215,0.01158067,0.077636339,0,0.027523624,0.041569672,0.021509291,0,0.004223492,0.02062444,0,0,0.018210162,0.030114237,0,0,0.000246645,0,0,0.008611629,0.020424145,0.031038314,0.00273157,0.023368694,0,0.024165388,0.026878665,HC
Group_B_60,0.009046854,0,0.043826613,0,0.017949163,0,0.046055145,0.012454453,0.023152911,0.009310882,0,0.030677643,0.023874546,0.002831614,0,0,0.02347007,0,0.026773927,0.032550867,0.015750319,0.046669,0,0,0.030394335,0.013805336,0,0.024502578,0,0.006680509,0.032069272,0.033580856,0.0279401,0.000756259,0.056586208,0.013232161,0,0.008520108,0.029554547,0.045903059,0.020628277,0.02656935,0,0.054804097,0.007014234,0,0.038494603,0.030610899,0.015520948,0.000365728,0.000567095,0.032430436,0.000169171,0,0,0.032878005,0,0,0.006516888,0.045510933,Die
Group_A_65,0,0,0,0.07217715,0.018350377,0.019166141,0.040021893,0.036230022,0.030338134,0.022431722,0.02360727,0.025113763,0,0,0.032975814,0.011837698,0.009852618,0.035943473,0,0.002564939,0.04130376,0.01987645,0.027752257,0,0.010496228,0.010623879,0.050000941,0.04319276,0.028751669,0,0,0,0,0,0,0,0.019482713,0.019711284,0,0,0,0.015366188,0.000659258,0,0.04056647,0.007135877,0,0.033004861,0.003470185,0,0,0.050580569,0,0.017848918,0.042314171,0.045630886,0.060846591,0.018819977,0,0.011953093,HC
Group_A_4,0.042349092,0.010801919,0.000621125,0.011036945,0.000688206,0.026931265,0,0.010150737,0.017709634,0.000021,0,0.009204865,0.019364907,0.001435776,0.000911059,0,0.046205997,0,0.023949402,0.038858563,0.005282517,0.045773382,0.000383574,0,0.046272647,0.070554107,0,0.013678992,0.00463155,0.036264838,0,0.08942691,0.059681015,0.000899956,0.013062186,0,0,0.007039799,0.010015341,0.011480163,0.013403024,0.02905069,0.001763422,0,0.018715066,0.026252449,0.028515829,0.003735218,0,0.009749031,0.001019072,0.071744656,0.048992769,0.024782043,0.002462133,0.00075849,0.001475796,0.014830964,0.027330259,0.00073162,HC
Group_A_49,0.005218098,0,0,0,0,0.025596895,0.025968562,0,0.000657629,0,0.008494142,0,0,0.025159188,0.059089207,0.029791329,0.031683647,0,0.038273858,0,0.024467909,0,0,0.000838786,0,0,0,0.005229782,0.027444513,0.00191749,0.076759989,0.000492138,0.027553588,0.008802346,0.034754179,0.002722917,0.023716387,0,0,0,0.048028828,0,0,0.066577215,0.04317782,0,0.002547509,0,0.024629551,0.031082989,0,0.059869616,0,0.012700103,0.029427949,0,0,0.035573286,0.138423331,0.023329224,HC
Group_B_42,0.027191212,0.020548602,0.024161559,0.025254518,0.026569212,0.000444282,0.027582296,0.026232933,0.014129976,0.025817253,0.001304849,0,0.012020177,0.027220749,0.026608497,0.027456879,0.026662286,0.026353788,0,0.026973649,0.025567462,0.024339833,0.026456606,0.026452811,0.026897571,0.026623208,0.026205707,0.015687254,0,0.027273206,0.006672032,0.000810584,0.026618043,0.026480106,0.000455481,0.040242085,0.011596372,0.001326426,0.000357683,0.025116853,0.027930961,0.000853252,0.024924828,0,0.02507181,0.022321165,0.027204604,0.025670573,0.017576015,0,0,0,0.001003435,0.004286757,0.001178622,0,0.027906476,0,0.010141474,0.026217988,Die
Group_A_3,0,0.021693814,0.049677165,0,0,0.132374448,0.001431443,0,0,0,0.002223558,0.079987776,0.030020428,0.004877138,0.024944879,0.001332387,0,0.028910312,0,0.001043347,0,0.001941494,0,0.029819773,0.000823241,0.216544892,0.006722078,0,0.076613851,0.001606565,0.018430212,0,0,0.000413322,0,0.017019383,0,0,0,0.00049479,0.04504407,0.018992649,0.001189957,0.117960676,0,0.000155878,0.00075961,0,0.000896837,0,0.000567051,0.016939209,0.001652915,0.007658557,0,0,0,0.000064,0.014509882,0.024662413,HC
Group_B_1,0.011706245,0.061499142,0,0.002113421,0,0.023898068,0,0,0.015393569,0.025546607,0,0.015604909,0.012563598,0,0.005208186,0.011909944,0.026778523,0.021403526,0.046330363,0.023898074,0.018579752,0,0,0,0.067318797,0.036782195,0.008246404,0.006183261,0.0378583,0,0,0.020160868,0.019581478,0.020384229,0.083853564,0.035463802,0,0,0.015285148,0,0.046889071,0,0.008916294,0,0,0.056790856,0.01636315,0,0,0,0,0.041055427,0,0.054951529,0.06009239,0.002183724,0,0.031446753,0,0.007758834,Die
Group_B_39,0,0.075363805,0.036756167,0.009292839,0,0,0,0,0,0,0.044645344,0,0.009673951,0,0.021969828,0.011779202,0.046792966,0.024053504,0,0.011673176,0,0.099695209,0.047108658,0,0.023721739,0,0,0.02041478,0,0.02001348,0,0.022487261,0,0,0.052260008,0,0.02135982,0.031576995,0.049790912,0.030315175,0,0,0.009366666,0,0.029212102,0.039539108,0.002619178,0.039828533,0.001487824,0.022253366,0,0.039767869,0,0.056223822,0.030491091,0.012752821,0,0,0,0.005712802,Die
Group_A_58,0,0.061009247,0,0,0.014488191,0,0.023002565,0,0.037001613,0,0.004117175,0.078340695,0,0,0,0.125410052,0,0,0,0.017120422,0,0,0,0,0.070991106,0.01158703,0,0.020687404,0.035204788,0.025116736,0.027608769,0.014646053,0,0,0,0.045536544,0.052290446,0.045757192,0,0.042238375,0,0.010066011,0,0,0,0,0.018407183,0.003357032,0,0,0,0.053808665,0.056555904,0.029368313,0,0.014749503,0.061532987,0,0,0,HC
Group_B_10,0,0.049989866,0,0,0,0.028371274,0.026565496,0.031876185,0,0.025770833,0.032873509,0,0.00250041,0.100012206,0.00747823,0,0.044877841,0.02462378,0.007332282,0,0.022962415,0,0,0.02286214,0,0,0.069141697,0.022492016,0,0,0.012662864,0,0.104635955,0.00711463,0.012327709,0.026328215,0.017811443,0.062901712,0,0,0,0,0,0,0.018701604,0,0.010132145,0,0.021736112,0,0.043234536,0,0.007136241,0.08816819,0.006209344,0.006825644,0,0.034343475,0,0,Die
Group_A_47,0.024032069,0,0.070288155,0.047591253,0,0.034404949,0,0.058877533,0.000145459,0.058102839,0,0,0.010018722,0,0.036621954,0,0.04789164,0.045465671,0,0,0.08415961,0,0,0.018218559,0,0,0,0,0,0,0.025495375,0.021691576,0.028681598,0,0,0.037431607,0,0,0,0,0,0.018433333,0,0,0.072935766,0,0,0,0,0.027016242,0.071016745,0,0,0.002262253,0,0.038853276,0.071280682,0,0.049083133,0,HC
Group_A_36,0,0.022521255,0.003429004,0,0,0.016836504,0.056304136,0,0.008058799,0,0.008075067,0.028691722,0.023072411,0,0.050728977,0.000723692,0.000445198,0.028185279,0,0.007111366,0,0,0,0.033680625,0,0.033386416,0.014052485,0.004255655,0.041392339,0.045398756,0.019168797,0.055116544,0,0,0.008712751,0.017407727,0,0.036459614,0.010630903,0.045811014,0.011466575,0.038801333,0,0,0.005514215,0.027408437,0.035265604,0.00719044,0.019777306,0.019407731,0.012552207,0.121186202,0,0.014415363,0.01177669,0,0.012225942,0.010551467,0.027797906,0.005005546,HC
Group_A_14,0,0.036768186,0.008394225,0.00258373,0.031804154,0.025603189,0,0.025536681,0,0,0.063660281,0.02810947,0.065926198,0,0.02738679,0.006423353,0.031215228,0,0.002550833,0.006087205,0.028742846,0.05908263,0.003003564,0,0,0.003954624,0,0.015728388,0.00996329,0.029815436,0.037293301,0.030773697,0.005869122,0,0,0.011279096,0.013268834,0,0.01435713,0,0.023999111,0,0.053692385,0.049179605,0.045366549,0,0.017768797,0,0.000619997,0.003697949,0.013020209,0.060684808,0,0.000666999,0.022733436,0.0369404,0,0.036359298,0,0.010088976,HC
Group_A_75,0.005269135,0,0.020706513,0,0,0.022523542,0.04677624,0,0.030975069,0.017465234,0.061581347,0.035895794,0.037394073,0,0,0.037567115,0,0.007202187,0.00281818,0,0.02041482,0.019925927,0.030243933,0,0.013714357,0.042969835,0,0.010414001,0.040813636,0,0,0.048520181,0.012550853,0,0.024712338,0.01340464,0,0,0.035226223,0.042819992,0.014831897,0,0.003110228,0.066401629,0,0.050575879,0,0.014849425,0,0.030335688,0.026586435,0.003323642,0,0,0,0,0.017307882,0,0.052712854,0.038059276,HC
Group_B_41,0,0.093083994,0.04136693,0.004945226,0.005443097,0.033175909,0.025718538,0.035612915,0,0.043819725,0.000286319,0,0,0.019692865,0,0.021833485,0.00940463,0.015031952,0,0.03926366,0.013094632,0.01895164,0,0.029743537,0.129414999,0,0.007872488,0.0043243,0.01548985,0.006985663,0.030498378,0.009055818,0.03126292,0.000647519,0,0.028844246,0,0,0,0,0.012871325,0,0.035672058,0.002296185,0.026015031,0.024877625,0.022188327,0.007757433,0,0.03548338,0.031533246,0,0.020637963,0.040475485,0,0,0.001260149,0,0.00730403,0.016762528,Die
Group_A_17,0,0.065506839,0.010747245,0.022935286,0.015077663,0.01114047,0,0,0.016281943,0,0.012102586,0,0.032007304,0.025379617,0,0.018452184,0,0,0,0,0.051706238,0,0.040637666,0,0.024010313,0.008036433,0.019348711,0.065537106,0.055515513,0,0,0.006434162,0.036740387,0.005626369,0.000984074,0.035378313,0.055890612,0,0.038485067,0.048093768,0.030308051,0.011282457,0.051240038,0,0,0,0.009196562,0.028593537,0.000335005,0.014842119,0.031930254,0,0.00148666,0.026214784,0.022237911,0,0,0.028572813,0,0.02170394,HC
Group_B_29,0.014689073,0.00457258,0,0.006144427,0,0,0.003121645,0,0.021306505,0.038937584,0.008043257,0,0,0.113922076,0.008241611,0.03029443,0.010541729,0,0.034433997,0.029237242,0.005762732,0.004165246,0.004526152,0.004527947,0.01579873,0.013362149,0.136103242,0.109610267,0,0.002123444,0.036966436,0,0.18873648,0,0,0,0.010791301,0,0,0.010705572,0,0,0.022429905,0.012365546,0,0.028703245,0,0,0,0,0.013942135,0.003783511,0.000842911,0.034494421,0.016772472,0,0,0,0,0,Die
Group_A_61,0.065677058,0,0.019150567,0.065116421,0.000179634,0,0.024112649,0,0,0,0.031055735,0.008011744,0.032058015,0.026112735,0.050590588,0.022570939,0.009041084,0,0,0,0.01358833,0,0,0.026014422,0.010383986,0,0.005811921,0,0,0.007136308,0,0.066478477,0.000540349,0.008224533,0.019733976,0,0.056557482,0,0.07277227,0.051112588,0.022916054,0.004098118,0.012500476,0.022217847,0,0.025576472,0,0,0.011744777,0.00489616,0.027689141,0.038589365,0,0.035136539,0,0.018383682,0,0,0.077752711,0.006466848,HC
Group_A_2,0.001511904,0,0.033219303,0.015148286,0.018185427,0.013637621,0.038473209,0.024856118,0.042757995,0.002511875,0,0.034761416,0.000237499,0.012158793,0,0.066797485,0.015141536,0.00147084,0.000454343,0.029962225,0.028475579,0.048887558,0.018286842,0.009354084,0,0.000469178,0.046584151,0.004789249,0.04461734,0.001378878,0.023972411,0.011269853,0,0.000595198,0.012941964,0.002814523,0.031668486,0.017110032,0.022929747,0.033888822,0.000500587,0.001460835,0,0.046073437,0,0.043653522,0.000379404,0.00044793,0.00153101,0.037450333,0.000891832,0,0.031206466,0,0.042360763,0.034568194,0,0.000014,0.024083291,0.024058626,HC
Group_B_4,0.032919588,0.008485302,0,0,0,0.029161496,0.000194502,0.000632169,0.014576884,0.003358851,0.016519802,0.081209444,0.010276791,0,0.018386607,0.037185573,0,0.035222909,0.005445318,0,0.02790075,0.003711075,0.001636429,0.012727679,0.000968834,0.068703642,0.049068099,0.02171371,0,0.046813971,0.000345298,0,0.041644744,0.026302536,0.017598226,0.002045458,0.02027602,0.036302534,0.018307324,0.001318863,0,0,0.008074601,0,0.000456064,0.058002903,0.03768816,0.027468876,0,0.007331491,0.049971587,0.000782637,0.023837675,0.026799751,0.001131617,0.028372751,0.026094915,0.000674632,0.004670037,0.007681876,Die
Group_A_22,0.02202102,0,0,0,0,0,0.040838832,0,0.142593644,0,0.033957947,0.016469958,0.025301312,0.04789082,0.047177246,0.020546704,0.009686724,0.001888706,0.011904051,0,0.015730342,0,0.001684427,0.046387397,0.044302838,0,0,0,0.019182587,0.021774521,0,0.058674786,0.068070659,0,0,0,0,0.039875754,0.013965097,0,0,0.005392634,0.016180295,0,0.032432534,0.005146923,0,0.015662241,0.00911814,0.01297583,0,0.021772897,0.017181529,0,0.053646277,0.011143611,0.001118134,0.003881888,0.000734334,0.043687361,HC
Group_B_47,0,0.003109939,0,0,0.012460572,0.025022908,0,0.043075455,0.004315077,0,0.062067298,0,0,0.053563016,0.023320334,0.020845616,0.02190481,0.035143884,0.002710882,0.01135587,0,0.052625669,0.018831622,0.00623028,0.009953949,0,0.03207537,0.011307978,0,0.027803308,0,0,0.012926862,0.018960763,0.064500019,0.007016123,0,0,0,0.002155667,0.027443587,0.049077518,0.004576398,0.008975115,0.013230782,0.000323027,0,0,0.055587189,0.03357278,0.0675881,0.040146541,0.007565613,0.024794334,0,0.05301742,0,0.030818325,0,0,Die
Group_A_52,0.011091179,0.042463573,0.060699667,0.041919681,0,0.010653066,0.060314536,0,0.004864331,0,0.000427577,0.052940347,0.044019421,0.012882489,0.058923146,0,0,0,0,0,0,0,0.019811431,0,0.002742823,0.06584236,0,0,0,0,0,0.008114736,0.021801046,0,0.016660218,0.026421338,0.060026241,0,0,0,0.019805215,0.037819437,0.020225724,0,0,0,0,0.074827893,0.002984301,0.050064508,0,0,0,0.018668363,0,0.015555098,0.083008476,0.047554305,0.006867474,0,HC
Group_A_37,0.052150547,0.024242636,0.022422999,0,0.001006644,0.040550023,0.06657034,0.059116044,0.00140338,0,0,0.017624031,0.031679341,0.015757675,0.040147211,0,0.038714569,0,0.010385227,0,0,0,0,0,0.005820264,0,0.020413561,0.030895458,0.000478086,0.009855848,0.030214922,0.01008801,0.0021061,0.053688338,0,0.021629028,0,0,0.020596981,0.003754925,0.044634822,0.006897257,0,0.027923151,0.046066431,0,0,0,0.074635077,0.010287302,0,0.057303167,0.0224982,0,0,0,0.031470769,0.02995643,0.017015206,0,HC
Group_A_43,0.000215078,0.022924415,0.06449463,0,0.070051805,0.061426806,0.022864459,0,0,0,0.039614635,0.012142792,0.026726426,0.085115247,0.005740515,0.045883391,0.007227764,0.016563575,0.022859379,0.019914782,0,0.000791551,0.050253125,0,0.002210048,0.007285947,0.030497208,0.013906856,0,0,0.028921734,0,0,0.025604132,0,0,0,0,0.066936163,0.020052187,0.009396256,0,0.00381205,0.088592331,0,0,0,0,0,0.038064873,0.018319588,0,0,0.009418742,0.06217151,0,0,0,0,0,HC
Group_B_50,0.049305879,0.02618525,0,0,0.011166079,0,0,0.001105743,0.037798121,0,0.016974855,0.026060077,0.058361692,0,0,0.074431174,0.028312576,0.031469869,0,0,0.01342712,0.009828251,0,0.046916077,0.013569055,0,0.016106225,0,0.025781674,0.006039917,0.001288364,0.012456055,0.003175327,0.034097819,0.051382708,0.050867388,0,0.02704362,0.024988882,0.002889746,0.032017334,0,0,0,0.014881701,0.041803344,0,0.027806381,0.010766227,0.070439302,0.002567356,0.021111734,0.020960655,0.017825989,0,0.018527856,0,0,0,0.020262579,Die
Group_A_66,0,0.034735212,0.023750355,0.013773427,0,0,0.022274265,0.085386626,0,0,0,0.016781359,0,0.00269464,0,0.051422498,0.046889175,0,0,0,0,0.035347889,0.009515157,0,0.021943014,0.030227264,0,0.010500286,0.049674561,0,0.014197338,0.038540369,0,0.005594955,0,0.03012269,0,0.022474276,0.00052983,0.022047795,0,0.043217534,0.006562753,0.012073338,0.053664473,0,0,0.067542428,0,0,0,0.094888382,0.054020104,0.004445965,0,0,0,0,0.075162042,0,HC
Group_A_57,0.05108684,0.004084598,0.036978492,0.048154052,0.021878092,0.061916011,0.00766031,0,0,0.004361775,0.035910158,0.056917327,0,0.061230805,0,0.016892078,0.036572062,0.029369149,0,0,0.006655748,0,0,0,0,0,0.085024117,0,0,0,0.073401939,0,0,0,0,0,0,0.046191769,0,0.03191802,0.00626068,0.005852952,0,0.042929685,0.009238391,0.021559985,0,0,0.001540001,0,0.038694562,0,0,0.003478947,0.032965014,0.057123515,0,0.039881273,0.024271653,0,HC
Group_B_51,0,0.021689657,0,0.009246537,0,0.007700314,0.022480602,0,0.020283662,0,0.034182912,0,0.024921219,0,0.038925737,0.014878396,0,0,0.050377866,0.035910089,0,0.016595334,0.033168197,0.056217287,0.038969333,0.03538554,0,0,0,0.036596008,0,0,0.055812845,0,0,0.024975595,0,0,0.03343938,0.086194055,0.054367163,0.007437461,0.019514577,0.029965072,0.021198893,0,0.029275452,0.037302591,0.013954864,0,0,0,0,0.01953503,0.027204224,0,0.031061189,0.000094,0,0.011138919,Die
Group_B_23,0.006024343,0.02572415,0.016024813,0,0,0.019076458,0.032160656,0.048056399,0,0,0,0.010658734,0.016243145,0.044373982,0.042406986,0.011779972,0,0.005488786,0.01456589,0.003814958,0.015320414,0.023678716,0.007952554,0.049380599,0,0.024325514,0.104469397,0.023230222,0,0,0,0.048882009,0.062476294,0,0.008203055,0.007858796,0,0.029547614,0.046612919,0,0,0,0.0897353,0.019998345,0.004793528,0.021234835,0,0,0,0.053412095,0,0.021255551,0.01974106,0.01399722,0,0,0,0,0,0.007494692,Die
Group_A_34,0,0.027309526,0.005739661,0.023811409,0.029321729,0.036847988,0.018679687,0.026963915,0,0,0.010723494,0.003069503,0,0.045461653,0.055359629,0,0,0,0,0.007055735,0.037172932,0.058442409,0.008955963,0.019057474,0,0,0.040090961,0.038431531,0.01142957,0,0.028379488,0,0.043644122,0,0,0.025783596,0,0,0,0.043179456,0,0,0.055305931,0.010022282,0,0.001876383,0.029929582,0,0.038689035,0.030213391,0.025707748,0.047077953,0,0,0.024718702,0,0,0,0.014105698,0.077441865,HC
Group_A_30,0.00458901,0.002238552,0,0,0.003045023,0,0,0,0.001705886,0.061862175,0.041588585,0,0,0,0.030942461,0.002024014,0.007622327,0.015278152,0.052070233,0,0.031194566,0.032355066,0,0,0.023190439,0,0.040009898,0,0,0.06479296,0,0.073441422,0.027442306,0,0.016564269,0.009759712,0,0.041467202,0,0.074967404,0.027648658,0.010194714,0.041029679,0.004921708,0.046735781,0,0,0,0,0,0.00314034,0.025222713,0.024665697,0,0.040798723,0,0.000880319,0.040983145,0.026367356,0.049259505,HC
Group_A_42,0.008757841,0.022213147,0.003880635,0.040705249,0.051886739,0.024898495,0.053551719,0.009359653,0.022825303,0,0,0.003459134,0,0.0089687,0.0016698,0,0.062656922,0.017849202,0,0,0,0.001862988,0,0.007250228,0,0,0.054170301,0,0.072975414,0.002013142,0,0.008995561,0,0,0,0.016091727,0,0.006519469,0,0,0.043880279,0.051534747,0,0.033622862,0,0,0.025479589,0.06699227,0,0.054488158,0.03900184,0.021798511,0.020073005,0.00591941,0.008652756,0.013674175,0.015977834,0.021184547,0.040988913,0.034169735,HC
Group_B_20,0,0.012210599,0,0.033523144,0,0.007009054,0,0.030219545,0,0.021830257,0,0,0.047322088,0,0,0,0,0,0.057047743,0.073108363,0.016478106,0,0.025189333,0,0.039869743,0.028630071,0.012662452,0.048540756,0,0,0.007200325,0,0.003759061,0,0.049468479,0.02560461,0.028239053,0.025680465,0,0.018376871,0,0.049106829,0,0,0.037542427,0.042612762,0,0.007909086,0.019976884,0,0.073403834,0.038546495,0.033516463,0.045638044,0.026995769,0.00879362,0.003041357,0,0,0.000946312,Die
Group_A_50,0.011832091,0.044451404,0.021503381,0.054636577,0,0.012676194,0.002380488,0.003984723,0.081455248,0,0,0,0.024033992,0.063920492,0.021181832,0.017008319,0.01317904,0.048429394,0.002232214,0,0.064640553,0.015318737,0.003403221,0,0.067678828,0.06054462,0,0.012414525,0.016912349,0,0.02562991,0.018887446,0,0.016694722,0,0.04421193,0.011585108,0.026355729,0,0,0,0.017118993,0,0.029310333,0,0.006938845,0,0.029912676,0,0.014026912,0,0,0,0.037867866,0.019183593,0.004199909,0,0.002135201,0.00116807,0.030954535,HC
Group_B_66,0.00033783,0.00863614,0.018266323,0.001491502,0.01941694,0.000343298,0.163509774,0.000593985,0.133386482,0,0.031678439,0.047589771,0.001205381,0.000770958,0,0,0.00656884,0.000446984,0,0.010621547,0.000234363,0.058405657,0.061050405,0.024369625,0,0.001099726,0,0.003208384,0.032612187,0.039438449,0.043752506,0.002476212,0.002523533,0.013962715,0.030621374,0,0,0,0,0,0.001128057,0.002702251,0.01000575,0.047479465,3.26E-05,0.007415032,0.033255166,0,0.000726064,0,0.002473126,0.002631206,0.001499303,0.023118989,0.011491884,0.059565982,0.03172478,0.001246633,0,0.004884381,Die
Group_A_28,0.08136142,0.027932255,0.06682658,0.016359612,0.019552847,0,0.023614996,0.011668258,0.049691473,0,0,0.010476636,0.025844712,0.009917518,0.022018607,0,0.011359084,0,0.075264961,0,0.02631291,0.010907838,0,0.013423278,0.04268724,0.070081312,0.018407671,0.005276859,0,0.02795617,0.008496931,0.035431253,0,0.042408727,0.009442037,0.053488303,0.029940496,0.018929808,0,0.022547513,0,0,0,0,0,0,0,0.016281472,0,0.050298614,0,0,0,0,0.014812874,0,0,0.017908906,0.006138425,0.006932404,HC
Group_A_35,0.051236577,0.006691318,0,0,0.02093092,0.025399187,0.016338278,0,0.006328809,0.062896664,0,0.031701304,0.000789096,0,0,0,0,0,0.008828947,0,0,0.002029406,0,0,0.035595903,0.021529425,0.010084388,0,0.021351189,0.015883185,0,0,0.029049705,0.034143848,0.034658634,0.032287275,0.073317299,0.001830658,0.028451296,0,0.014877913,0.013848233,0,0,0.000578085,0.026930326,0.019441656,0,0.090454126,0,0,0.017294135,0.051396853,0.036439048,0.079090502,0.00848464,0.032016214,0.037794957,0,0,HC
Group_B_19,0.03215837,0,0,0,0,0.009640577,0,0.064196533,0.030875333,0,0.020727105,0.008335175,0,0.044628233,0,0.008808681,0.033170413,0,0.036315422,0,0,0.085835139,0,0.01356223,0,0,0,0.007520446,0,0.03216767,0,0.004774952,0,0,0,0,0,0.020755944,0.041767646,0,0.005285427,0,0,0.052690375,0.037948248,0,0.001722678,0.05039047,0.050791805,0.129439628,0.008779018,0.004210638,0.09134451,0.018230706,0,0.038103905,0.015822723,0,0,0,Die
Group_A_18,0,0.015725551,0.178760287,0,0.026151844,0.011652023,0.009310365,0.059116563,0,0.022066286,0.036855534,0,0.002119593,0.017422839,0.01114448,0.014468708,0,0.028437442,0.005968329,0.00733497,0.023785474,0,0.037461212,0.03915819,0.012689325,0.064503934,0,0.031115142,0.031793488,0.015743476,0.012577804,0,0.025166656,0.008046599,0.025453043,0.010861269,0.0032356,0.002978987,0.026160286,0,0,0,0.012250535,0,0,0,0.039410291,0,0,0.003890765,0.018670523,0,0.032675279,0,0.024099066,0.010047777,0,0.002480865,0.008563352,0.030646247,HC
Group_A_21,0.011841753,0.020564607,0.208885519,0,0.011452393,0.022107968,0,0.002021017,0.032219605,0.005385015,0,0.016675374,0.003620826,0.092886035,0,0,0.007393435,0,0.017762372,0.011965283,0.042471518,0,0.003795897,0,0,0.011314982,0.028558509,0.028148358,0,0.018979341,0.005972151,0.007266312,0.069237382,0.022252708,0.038723925,0.038060333,0,0,0.000647194,0.015001167,0.005872309,0.040940934,0,0.006801658,0.022149694,0.017976319,0.007437396,0.027587979,0.0000334,0.019167606,0,0,0,0.030549731,0,0,0.002766874,0,0.016207994,0.007297127,HC
Group_B_64,0,0.052044457,0.017096798,0.003405545,0.000459842,0,0.007696263,0,0.008291894,0.085970972,0.000501817,8.39E-05,0,0.021657663,0.024366875,0,0.000503202,0.040246842,0.000449866,0.012359387,0.001592875,0.009330803,0.000591273,0,0.015470078,0,0.063185397,0.001226681,0.018062397,0,0.034133086,0.021330803,0.006284701,0,0.117420945,0.004122861,0,0.001289742,0.016629902,0.020217664,0.010581391,3.24E-05,0.115436244,0.00606594,0.00212469,0,0.169140373,0,0.021130398,0,0.001667042,0.001914362,0.001403521,0.019355508,0,0.003686916,0.000448724,0.028128185,0.010891008,0.001968768,Die
Group_B_7,0.041477938,0.141146956,0.003624594,0.038493777,0.001105264,0,0,0.003576317,0,0.013436107,0.042847554,0.001663001,0.004698164,0.000294793,0.001482582,0.001508852,0,0.046647576,0.016586278,0.00924601,0,0,0.034819318,0.01356609,0.000484321,0.017354808,0.042628429,0.089104707,0.031105165,0.000614766,0.005138122,0.050935158,0.000827884,0.039366783,0.038866144,0.003570787,0,0,9.18E-05,0.021740922,0,0,0.017401467,0.009326908,0.003553147,0.007258636,5.71E-05,0.000605004,0,0,0.022631796,0.05317395,0.025062145,0,0.000550856,0.023782092,0.001451507,0.001975482,0.044861621,0.030257323,Die
Group_A_10,0,0.020855581,0.047582614,0,0.035901236,0.021996203,0.000716566,0,0.030698713,0.013387454,0.063920653,0.041856119,0,0.016076251,0,0.039751806,0.010263201,0,0.033505749,0.022504789,0.001433366,0.020735769,0.053391975,0.001727,0.026548708,0.021378461,0.00590548,0,0,0.019450833,0,0.086424968,0.008677354,0,0.023808196,0.005898147,0.002521856,0,0,0.028976618,0,0.020015295,0.014000127,0,0,0.017650743,0.024591405,0.062100809,0,0.018223242,0.00220978,0.025228327,0.041279319,0,0.021283531,0,0,0.020006343,0.027515413,0,HC
Group_B_46,0,0.04438037,0.040296682,0,0,0.056670254,0.029861994,0.028225043,0,0.004771237,0,0.028989227,0,0.004786299,0,0.045530747,0.032503507,0,0.06997797,0.074983378,0.0173426,0,0.017947276,0,0.023996362,0.014187215,0,0.016575295,0,0.024050822,0.008995044,0.005405411,0.03410014,0,0.006638848,0.027621821,0,0.034509357,0,0,0.031415759,0.010652814,0,0.036713323,0.014591114,0,0.047046,0.003993535,0.038908093,0.052274282,0,0,0.008224331,0.011887257,0,0,0,0.041505948,0.010440644,0,Die
Group_A_23,0.033021,0.054414397,0.015178007,0,0.018836484,0,0.025488301,0.022905389,0.024107837,0,0.034933247,0.010760132,0.012492327,0.042434177,0.087946302,0.040610561,0,0,0,0.008799594,0.086490297,0.03044365,0,0.014586271,0.017308265,0.023663217,0.019564892,0,0.019868627,0.001671077,0,0.023030044,0,0.040778579,0.030230945,0,0,0,0,0.024465735,0.019699841,0,0,0.029764045,0,0,0.013141895,0,0,0.007019892,0.027451659,0,0,0.049738335,0.016156923,0.030967524,0.016913429,0,0,0.025117104,HC
Group_A_55,0,0,0,0,0.013188683,0.012611217,0,0,0.028223159,0,0.008641561,0,0,0.000868593,0.006504474,0,0,0.073757725,0,0.020342607,0,0,0.018669482,0.045330302,0,0,0,0,0.058575539,0.067595427,0,0.056425082,0.054551998,0.033253248,0.047579205,0,0.017273084,0,0,0,0.030454249,0,0,0,0,0.06065108,0.023600402,0.014637554,0.014785927,0.042097127,0.015376828,0.097917951,0.015243108,0.061642252,0.026908234,0,0,0,0,0.033293902,HC
Group_A_38,0.035331554,0,0.047839325,0.034146239,0.008268166,0.046409757,0,0,0.011940374,0.010840331,0.024768953,0.001252548,0,0.042839914,0.023711407,0,0,0.015181122,0,0,0.059887349,0.013912489,0.01531408,0.02808453,0.03510943,0,0.055107869,0.020665247,0,0,0,0.030779503,0.004524484,0,0.054548015,0.007836815,0.038033164,0.021417564,0,0.060755379,0.015595956,0.010860687,0.030249623,0,0,0,0,0.009940438,0.057532588,0.011417514,0,0,0,0.011314377,0,0.017472053,0.052945993,0,0,0.034165163,HC
